$MeshFormat
4.1 0 8
$EndMeshFormat
$PhysicalNames
5
1 1 "BoundaryID:1"
1 2 "BoundaryID:2"
1 3 "BoundaryID:80, ManifoldID:8"
1 4 "BoundaryID:81, ManifoldID:9"
2 6 "MaterialID:1"
$EndPhysicalNames
$Entities
0 4 2 0
2 2.5 0 0 2.5 0.41 0 1 1 0 
3 0 0 0 2.5 0.41 0 1 2 0 
4 0.15 0.15 0 0.24 0.25 0 1 3 0 
5 0.24 0.17 0 0.24899 0.23 0 1 4 0 
1 0 0 0 2.5 0.41 0 1 5 0 
2 0.24899 0.19 0 0.6 0.21 0 1 6 0 
$EndEntities
$Nodes
6 3124 1 3124
1 2 0 37
1
2
3
4
5
6
7
8
9
10
11
12
13
14
15
16
17
18
19
20
21
22
23
24
25
26
27
28
29
30
31
32
33
34
35
36
37
2.5 0.215 0
2.5 0.07500000000000001 0
2.5 0.025 0
2.5 0.3825 0
2.5 0.3275 0
2.5 0.185 0
2.5 0.175 0
2.5 0.205 0
2.5 0.195 0
2.5 0.225 0
2.5 0.1 0
2.5 0.13 0
2.5 0.11 0
2.5 0.1625 0
2.5 0.1475 0
2.5 0.2525 0
2.5 0.2375 0
2.5 0.29 0
2.5 0.27 0
2.5 0.05 0
2.5 0.28 0
2.5 0.245 0
2.5 0.155 0
2.5 0.12 0
2.5 0.22 0
2.5 0.2 0
2.5 0.18 0
2.5 0.355 0
2.5 0.41 0
2.5 0 0
2.5 0.3 0
2.5 0.26 0
2.5 0.23 0
2.5 0.21 0
2.5 0.19 0
2.5 0.17 0
2.5 0.14 0
1 3 0 160
38
39
40
41
42
43
44
45
46
47
48
49
50
51
52
53
54
55
56
57
58
59
60
61
62
63
64
65
66
67
68
69
70
71
72
73
74
75
76
77
78
79
80
81
82
83
84
85
86
87
88
89
90
91
92
93
94
95
96
97
98
99
100
101
102
103
104
105
106
107
108
109
110
111
112
113
114
115
116
117
118
119
120
121
122
123
124
125
126
127
128
129
130
131
132
133
134
135
136
137
138
139
140
141
142
143
144
145
146
147
148
149
150
151
152
153
154
155
156
157
158
159
160
161
162
163
164
165
166
167
168
169
170
171
172
173
174
175
176
177
178
179
180
181
182
183
184
185
186
187
188
189
190
191
192
193
194
195
196
197
0.5249997499999999 0 0
0.3416665 0.41 0
0.39166675 0.41 0
0.37500025 0.41 0
0.4249997500000001 0 0
0.4083332500000001 0 0
0.4583335 0 0
0.4416665 0 0
0.49166675 0 0
0.47500025 0 0
0.3583335 0.41 0
0.50833325 0 0
0.5583335 0 0
0.5416665000000001 0 0
0.5916667499999999 0 0
0.57500025 0 0
0.4249997500000001 0.41 0
0.4083332500000001 0.41 0
0.4583335 0.41 0
0.4416665 0.41 0
0.07500000000000001 0.41 0
0.025 0 0
0.175 0 0
0.125 0 0
0.275 0 0
0.225 0 0
0.275 0.41 0
0.225 0.41 0
0.175 0.41 0
0.125 0.41 0
0.49166675 0.41 0
0.025 0.41 0
0.32499975 0 0
0.30833325 0 0
0.3583335 0 0
0.3416665 0 0
0.39166675 0 0
0.37500025 0 0
0.32499975 0.41 0
0.30833325 0.41 0
1.4375 0.41 0
1.8125 0 0
0.6225000000000001 0.41 0
0.6074999999999999 0.41 0
0.72 0.41 0
0.6599999999999999 0.41 0
0.9375 0.41 0
0.8125 0.41 0
1.1875 0.41 0
1.0625 0.41 0
1.9375 0 0
1.3125 0.41 0
1.6875 0.41 0
1.5625 0.41 0
1.9375 0.41 0
1.8125 0.41 0
2.375 0 0
2.125 0 0
2.375 0.41 0
2.125 0.41 0
0.72 0 0
0.47500025 0.41 0
0.5249997499999999 0.41 0
0.50833325 0.41 0
0.5583335 0.41 0
0.5416665000000001 0.41 0
0.5916667499999999 0.41 0
0.57500025 0.41 0
0.6225000000000001 0 0
0.6074999999999999 0 0
0.07500000000000001 0 0
0.6599999999999999 0 0
0.9375 0 0
0.8125 0 0
1.1875 0 0
1.0625 0 0
1.4375 0 0
1.3125 0 0
1.6875 0 0
1.5625 0 0
0.05 0 0
2.25 0.41 0
2.25 0 0
1.875 0.41 0
1.625 0.41 0
1.375 0.41 0
1.125 0.41 0
0.875 0.41 0
0.6899999999999999 0.41 0
0.615 0.41 0
1.875 0 0
1.625 0 0
1.375 0 0
1.125 0 0
0.875 0 0
0.6899999999999999 0 0
0.615 0 0
0.5833334999999999 0.41 0
0.55 0.41 0
0.5166664999999999 0.41 0
0.4833335 0.41 0
0.45 0.41 0
0.4166665000000001 0.41 0
0.5833334999999999 0 0
0.55 0 0
0.5166664999999999 0 0
0.4833335 0 0
0.45 0 0
0.4166665000000001 0 0
0.3833335 0.41 0
0.5 0 0
0.3166665 0.41 0
0.3833335 0 0
0.35 0 0
0.3166665 0 0
0.05 0.41 0
0.15 0.41 0
0.25 0.41 0
0.25 0 0
0.15 0 0
0 0 0
2 0.41 0
1.75 0.41 0
1.5 0.41 0
1.25 0.41 0
1 0.41 0
0.75 0.41 0
0.63 0.41 0
0.6 0.41 0
0.566667 0.41 0
0.5333329999999999 0.41 0
0.5 0.41 0
0.466667 0.41 0
0.433333 0.41 0
0.4 0.41 0
0.366667 0.41 0
0.333333 0.41 0
0.3 0.41 0
0.2 0.41 0
0.1 0.41 0
2 0 0
1.75 0 0
1.5 0 0
1.25 0 0
1 0 0
0.75 0 0
0.63 0 0
0.6 0 0
0.566667 0 0
0.5333329999999999 0 0
0.35 0.41 0
0.466667 0 0
0.433333 0 0
0.4 0 0
0.366667 0 0
0.333333 0 0
0.3 0 0
0.2 0 0
0.1 0 0
0 0.41 0
1 4 0 41
198
199
200
201
202
203
204
205
206
207
208
209
210
211
212
213
214
215
216
217
218
219
220
221
222
223
224
225
226
227
228
229
230
231
232
233
234
235
236
237
238
0.16125 0.22625 0
0.15375 0.19125 0
0.16125 0.17375 0
0.19125 0.15375 0
0.17375 0.16125 0
0.2225 0.1575 0
0.2075 0.1525 0
0.2225 0.2425 0
0.2075 0.2475 0
0.19125 0.24625 0
0.17375 0.23875 0
0.15 0.2 0
0.15375 0.20875 0
0.2367855 0.2332145 0
0.2389285 0.2310715 0
0.2314285 0.2385715 0
0.2342855 0.2357145 0
0.2389285 0.1689285 0
0.2367855 0.1667855 0
0.2342855 0.1642855 0
0.2314285 0.1614285 0
0.1575 0.1825 0
0.232857 0.162857 0
0.237857 0.167857 0
0.232857 0.237143 0
0.237857 0.232143 0
0.1575 0.2175 0
0.1825 0.2425 0
0.215 0.245 0
0.215 0.155 0
0.1825 0.1575 0
0.235714 0.165714 0
0.165 0.165 0
0.235714 0.234286 0
0.24 0.23 0
0.24 0.17 0
0.165 0.235 0
0.23 0.24 0
0.2 0.25 0
0.23 0.16 0
0.2 0.15 0
1 5 0 11
239
240
241
242
243
244
245
246
247
248
249
0.24899 0.19 0
0.24899 0.21 0
0.244495 0.18 0
0.24899 0.2 0
0.244495 0.22 0
0.2467425 0.185 0
0.2422475 0.175 0
0.24899 0.205 0
0.24899 0.195 0
0.2422475 0.225 0
0.2467425 0.215 0
2 1 0 2746
250
251
252
253
254
255
256
257
258
259
260
261
262
263
264
265
266
267
268
269
270
271
272
273
274
275
276
277
278
279
280
281
282
283
284
285
286
287
288
289
290
291
292
293
294
295
296
297
298
299
300
301
302
303
304
305
306
307
308
309
310
311
312
313
314
315
316
317
318
319
320
321
322
323
324
325
326
327
328
329
330
331
332
333
334
335
336
337
338
339
340
341
342
343
344
345
346
347
348
349
350
351
352
353
354
355
356
357
358
359
360
361
362
363
364
365
366
367
368
369
370
371
372
373
374
375
376
377
378
379
380
381
382
383
384
385
386
387
388
389
390
391
392
393
394
395
396
397
398
399
400
401
402
403
404
405
406
407
408
409
410
411
412
413
414
415
416
417
418
419
420
421
422
423
424
425
426
427
428
429
430
431
432
433
434
435
436
437
438
439
440
441
442
443
444
445
446
447
448
449
450
451
452
453
454
455
456
457
458
459
460
461
462
463
464
465
466
467
468
469
470
471
472
473
474
475
476
477
478
479
480
481
482
483
484
485
486
487
488
489
490
491
492
493
494
495
496
497
498
499
500
501
502
503
504
505
506
507
508
509
510
511
512
513
514
515
516
517
518
519
520
521
522
523
524
525
526
527
528
529
530
531
532
533
534
535
536
537
538
539
540
541
542
543
544
545
546
547
548
549
550
551
552
553
554
555
556
557
558
559
560
561
562
563
564
565
566
567
568
569
570
571
572
573
574
575
576
577
578
579
580
581
582
583
584
585
586
587
588
589
590
591
592
593
594
595
596
597
598
599
600
601
602
603
604
605
606
607
608
609
610
611
612
613
614
615
616
617
618
619
620
621
622
623
624
625
626
627
628
629
630
631
632
633
634
635
636
637
638
639
640
641
642
643
644
645
646
647
648
649
650
651
652
653
654
655
656
657
658
659
660
661
662
663
664
665
666
667
668
669
670
671
672
673
674
675
676
677
678
679
680
681
682
683
684
685
686
687
688
689
690
691
692
693
694
695
696
697
698
699
700
701
702
703
704
705
706
707
708
709
710
711
712
713
714
715
716
717
718
719
720
721
722
723
724
725
726
727
728
729
730
731
732
733
734
735
736
737
738
739
740
741
742
743
744
745
746
747
748
749
750
751
752
753
754
755
756
757
758
759
760
761
762
763
764
765
766
767
768
769
770
771
772
773
774
775
776
777
778
779
780
781
782
783
784
785
786
787
788
789
790
791
792
793
794
795
796
797
798
799
800
801
802
803
804
805
806
807
808
809
810
811
812
813
814
815
816
817
818
819
820
821
822
823
824
825
826
827
828
829
830
831
832
833
834
835
836
837
838
839
840
841
842
843
844
845
846
847
848
849
850
851
852
853
854
855
856
857
858
859
860
861
862
863
864
865
866
867
868
869
870
871
872
873
874
875
876
877
878
879
880
881
882
883
884
885
886
887
888
889
890
891
892
893
894
895
896
897
898
899
900
901
902
903
904
905
906
907
908
909
910
911
912
913
914
915
916
917
918
919
920
921
922
923
924
925
926
927
928
929
930
931
932
933
934
935
936
937
938
939
940
941
942
943
944
945
946
947
948
949
950
951
952
953
954
955
956
957
958
959
960
961
962
963
964
965
966
967
968
969
970
971
972
973
974
975
976
977
978
979
980
981
982
983
984
985
986
987
988
989
990
991
992
993
994
995
996
997
998
999
1000
1001
1002
1003
1004
1005
1006
1007
1008
1009
1010
1011
1012
1013
1014
1015
1016
1017
1018
1019
1020
1021
1022
1023
1024
1025
1026
1027
1028
1029
1030
1031
1032
1033
1034
1035
1036
1037
1038
1039
1040
1041
1042
1043
1044
1045
1046
1047
1048
1049
1050
1051
1052
1053
1054
1055
1056
1057
1058
1059
1060
1061
1062
1063
1064
1065
1066
1067
1068
1069
1070
1071
1072
1073
1074
1075
1076
1077
1078
1079
1080
1081
1082
1083
1084
1085
1086
1087
1088
1089
1090
1091
1092
1093
1094
1095
1096
1097
1098
1099
1100
1101
1102
1103
1104
1105
1106
1107
1108
1109
1110
1111
1112
1113
1114
1115
1116
1117
1118
1119
1120
1121
1122
1123
1124
1125
1126
1127
1128
1129
1130
1131
1132
1133
1134
1135
1136
1137
1138
1139
1140
1141
1142
1143
1144
1145
1146
1147
1148
1149
1150
1151
1152
1153
1154
1155
1156
1157
1158
1159
1160
1161
1162
1163
1164
1165
1166
1167
1168
1169
1170
1171
1172
1173
1174
1175
1176
1177
1178
1179
1180
1181
1182
1183
1184
1185
1186
1187
1188
1189
1190
1191
1192
1193
1194
1195
1196
1197
1198
1199
1200
1201
1202
1203
1204
1205
1206
1207
1208
1209
1210
1211
1212
1213
1214
1215
1216
1217
1218
1219
1220
1221
1222
1223
1224
1225
1226
1227
1228
1229
1230
1231
1232
1233
1234
1235
1236
1237
1238
1239
1240
1241
1242
1243
1244
1245
1246
1247
1248
1249
1250
1251
1252
1253
1254
1255
1256
1257
1258
1259
1260
1261
1262
1263
1264
1265
1266
1267
1268
1269
1270
1271
1272
1273
1274
1275
1276
1277
1278
1279
1280
1281
1282
1283
1284
1285
1286
1287
1288
1289
1290
1291
1292
1293
1294
1295
1296
1297
1298
1299
1300
1301
1302
1303
1304
1305
1306
1307
1308
1309
1310
1311
1312
1313
1314
1315
1316
1317
1318
1319
1320
1321
1322
1323
1324
1325
1326
1327
1328
1329
1330
1331
1332
1333
1334
1335
1336
1337
1338
1339
1340
1341
1342
1343
1344
1345
1346
1347
1348
1349
1350
1351
1352
1353
1354
1355
1356
1357
1358
1359
1360
1361
1362
1363
1364
1365
1366
1367
1368
1369
1370
1371
1372
1373
1374
1375
1376
1377
1378
1379
1380
1381
1382
1383
1384
1385
1386
1387
1388
1389
1390
1391
1392
1393
1394
1395
1396
1397
1398
1399
1400
1401
1402
1403
1404
1405
1406
1407
1408
1409
1410
1411
1412
1413
1414
1415
1416
1417
1418
1419
1420
1421
1422
1423
1424
1425
1426
1427
1428
1429
1430
1431
1432
1433
1434
1435
1436
1437
1438
1439
1440
1441
1442
1443
1444
1445
1446
1447
1448
1449
1450
1451
1452
1453
1454
1455
1456
1457
1458
1459
1460
1461
1462
1463
1464
1465
1466
1467
1468
1469
1470
1471
1472
1473
1474
1475
1476
1477
1478
1479
1480
1481
1482
1483
1484
1485
1486
1487
1488
1489
1490
1491
1492
1493
1494
1495
1496
1497
1498
1499
1500
1501
1502
1503
1504
1505
1506
1507
1508
1509
1510
1511
1512
1513
1514
1515
1516
1517
1518
1519
1520
1521
1522
1523
1524
1525
1526
1527
1528
1529
1530
1531
1532
1533
1534
1535
1536
1537
1538
1539
1540
1541
1542
1543
1544
1545
1546
1547
1548
1549
1550
1551
1552
1553
1554
1555
1556
1557
1558
1559
1560
1561
1562
1563
1564
1565
1566
1567
1568
1569
1570
1571
1572
1573
1574
1575
1576
1577
1578
1579
1580
1581
1582
1583
1584
1585
1586
1587
1588
1589
1590
1591
1592
1593
1594
1595
1596
1597
1598
1599
1600
1601
1602
1603
1604
1605
1606
1607
1608
1609
1610
1611
1612
1613
1614
1615
1616
1617
1618
1619
1620
1621
1622
1623
1624
1625
1626
1627
1628
1629
1630
1631
1632
1633
1634
1635
1636
1637
1638
1639
1640
1641
1642
1643
1644
1645
1646
1647
1648
1649
1650
1651
1652
1653
1654
1655
1656
1657
1658
1659
1660
1661
1662
1663
1664
1665
1666
1667
1668
1669
1670
1671
1672
1673
1674
1675
1676
1677
1678
1679
1680
1681
1682
1683
1684
1685
1686
1687
1688
1689
1690
1691
1692
1693
1694
1695
1696
1697
1698
1699
1700
1701
1702
1703
1704
1705
1706
1707
1708
1709
1710
1711
1712
1713
1714
1715
1716
1717
1718
1719
1720
1721
1722
1723
1724
1725
1726
1727
1728
1729
1730
1731
1732
1733
1734
1735
1736
1737
1738
1739
1740
1741
1742
1743
1744
1745
1746
1747
1748
1749
1750
1751
1752
1753
1754
1755
1756
1757
1758
1759
1760
1761
1762
1763
1764
1765
1766
1767
1768
1769
1770
1771
1772
1773
1774
1775
1776
1777
1778
1779
1780
1781
1782
1783
1784
1785
1786
1787
1788
1789
1790
1791
1792
1793
1794
1795
1796
1797
1798
1799
1800
1801
1802
1803
1804
1805
1806
1807
1808
1809
1810
1811
1812
1813
1814
1815
1816
1817
1818
1819
1820
1821
1822
1823
1824
1825
1826
1827
1828
1829
1830
1831
1832
1833
1834
1835
1836
1837
1838
1839
1840
1841
1842
1843
1844
1845
1846
1847
1848
1849
1850
1851
1852
1853
1854
1855
1856
1857
1858
1859
1860
1861
1862
1863
1864
1865
1866
1867
1868
1869
1870
1871
1872
1873
1874
1875
1876
1877
1878
1879
1880
1881
1882
1883
1884
1885
1886
1887
1888
1889
1890
1891
1892
1893
1894
1895
1896
1897
1898
1899
1900
1901
1902
1903
1904
1905
1906
1907
1908
1909
1910
1911
1912
1913
1914
1915
1916
1917
1918
1919
1920
1921
1922
1923
1924
1925
1926
1927
1928
1929
1930
1931
1932
1933
1934
1935
1936
1937
1938
1939
1940
1941
1942
1943
1944
1945
1946
1947
1948
1949
1950
1951
1952
1953
1954
1955
1956
1957
1958
1959
1960
1961
1962
1963
1964
1965
1966
1967
1968
1969
1970
1971
1972
1973
1974
1975
1976
1977
1978
1979
1980
1981
1982
1983
1984
1985
1986
1987
1988
1989
1990
1991
1992
1993
1994
1995
1996
1997
1998
1999
2000
2001
2002
2003
2004
2005
2006
2007
2008
2009
2010
2011
2012
2013
2014
2015
2016
2017
2018
2019
2020
2021
2022
2023
2024
2025
2026
2027
2028
2029
2030
2031
2032
2033
2034
2035
2036
2037
2038
2039
2040
2041
2042
2043
2044
2045
2046
2047
2048
2049
2050
2051
2052
2053
2054
2055
2056
2057
2058
2059
2060
2061
2062
2063
2064
2065
2066
2067
2068
2069
2070
2071
2072
2073
2074
2075
2076
2077
2078
2079
2080
2081
2082
2083
2084
2085
2086
2087
2088
2089
2090
2091
2092
2093
2094
2095
2096
2097
2098
2099
2100
2101
2102
2103
2104
2105
2106
2107
2108
2109
2110
2111
2112
2113
2114
2115
2116
2117
2118
2119
2120
2121
2122
2123
2124
2125
2126
2127
2128
2129
2130
2131
2132
2133
2134
2135
2136
2137
2138
2139
2140
2141
2142
2143
2144
2145
2146
2147
2148
2149
2150
2151
2152
2153
2154
2155
2156
2157
2158
2159
2160
2161
2162
2163
2164
2165
2166
2167
2168
2169
2170
2171
2172
2173
2174
2175
2176
2177
2178
2179
2180
2181
2182
2183
2184
2185
2186
2187
2188
2189
2190
2191
2192
2193
2194
2195
2196
2197
2198
2199
2200
2201
2202
2203
2204
2205
2206
2207
2208
2209
2210
2211
2212
2213
2214
2215
2216
2217
2218
2219
2220
2221
2222
2223
2224
2225
2226
2227
2228
2229
2230
2231
2232
2233
2234
2235
2236
2237
2238
2239
2240
2241
2242
2243
2244
2245
2246
2247
2248
2249
2250
2251
2252
2253
2254
2255
2256
2257
2258
2259
2260
2261
2262
2263
2264
2265
2266
2267
2268
2269
2270
2271
2272
2273
2274
2275
2276
2277
2278
2279
2280
2281
2282
2283
2284
2285
2286
2287
2288
2289
2290
2291
2292
2293
2294
2295
2296
2297
2298
2299
2300
2301
2302
2303
2304
2305
2306
2307
2308
2309
2310
2311
2312
2313
2314
2315
2316
2317
2318
2319
2320
2321
2322
2323
2324
2325
2326
2327
2328
2329
2330
2331
2332
2333
2334
2335
2336
2337
2338
2339
2340
2341
2342
2343
2344
2345
2346
2347
2348
2349
2350
2351
2352
2353
2354
2355
2356
2357
2358
2359
2360
2361
2362
2363
2364
2365
2366
2367
2368
2369
2370
2371
2372
2373
2374
2375
2376
2377
2378
2379
2380
2381
2382
2383
2384
2385
2386
2387
2388
2389
2390
2391
2392
2393
2394
2395
2396
2397
2398
2399
2400
2401
2402
2403
2404
2405
2406
2407
2408
2409
2410
2411
2412
2413
2414
2415
2416
2417
2418
2419
2420
2421
2422
2423
2424
2425
2426
2427
2428
2429
2430
2431
2432
2433
2434
2435
2436
2437
2438
2439
2440
2441
2442
2443
2444
2445
2446
2447
2448
2449
2450
2451
2452
2453
2454
2455
2456
2457
2458
2459
2460
2461
2462
2463
2464
2465
2466
2467
2468
2469
2470
2471
2472
2473
2474
2475
2476
2477
2478
2479
2480
2481
2482
2483
2484
2485
2486
2487
2488
2489
2490
2491
2492
2493
2494
2495
2496
2497
2498
2499
2500
2501
2502
2503
2504
2505
2506
2507
2508
2509
2510
2511
2512
2513
2514
2515
2516
2517
2518
2519
2520
2521
2522
2523
2524
2525
2526
2527
2528
2529
2530
2531
2532
2533
2534
2535
2536
2537
2538
2539
2540
2541
2542
2543
2544
2545
2546
2547
2548
2549
2550
2551
2552
2553
2554
2555
2556
2557
2558
2559
2560
2561
2562
2563
2564
2565
2566
2567
2568
2569
2570
2571
2572
2573
2574
2575
2576
2577
2578
2579
2580
2581
2582
2583
2584
2585
2586
2587
2588
2589
2590
2591
2592
2593
2594
2595
2596
2597
2598
2599
2600
2601
2602
2603
2604
2605
2606
2607
2608
2609
2610
2611
2612
2613
2614
2615
2616
2617
2618
2619
2620
2621
2622
2623
2624
2625
2626
2627
2628
2629
2630
2631
2632
2633
2634
2635
2636
2637
2638
2639
2640
2641
2642
2643
2644
2645
2646
2647
2648
2649
2650
2651
2652
2653
2654
2655
2656
2657
2658
2659
2660
2661
2662
2663
2664
2665
2666
2667
2668
2669
2670
2671
2672
2673
2674
2675
2676
2677
2678
2679
2680
2681
2682
2683
2684
2685
2686
2687
2688
2689
2690
2691
2692
2693
2694
2695
2696
2697
2698
2699
2700
2701
2702
2703
2704
2705
2706
2707
2708
2709
2710
2711
2712
2713
2714
2715
2716
2717
2718
2719
2720
2721
2722
2723
2724
2725
2726
2727
2728
2729
2730
2731
2732
2733
2734
2735
2736
2737
2738
2739
2740
2741
2742
2743
2744
2745
2746
2747
2748
2749
2750
2751
2752
2753
2754
2755
2756
2757
2758
2759
2760
2761
2762
2763
2764
2765
2766
2767
2768
2769
2770
2771
2772
2773
2774
2775
2776
2777
2778
2779
2780
2781
2782
2783
2784
2785
2786
2787
2788
2789
2790
2791
2792
2793
2794
2795
2796
2797
2798
2799
2800
2801
2802
2803
2804
2805
2806
2807
2808
2809
2810
2811
2812
2813
2814
2815
2816
2817
2818
2819
2820
2821
2822
2823
2824
2825
2826
2827
2828
2829
2830
2831
2832
2833
2834
2835
2836
2837
2838
2839
2840
2841
2842
2843
2844
2845
2846
2847
2848
2849
2850
2851
2852
2853
2854
2855
2856
2857
2858
2859
2860
2861
2862
2863
2864
2865
2866
2867
2868
2869
2870
2871
2872
2873
2874
2875
2876
2877
2878
2879
2880
2881
2882
2883
2884
2885
2886
2887
2888
2889
2890
2891
2892
2893
2894
2895
2896
2897
2898
2899
2900
2901
2902
2903
2904
2905
2906
2907
2908
2909
2910
2911
2912
2913
2914
2915
2916
2917
2918
2919
2920
2921
2922
2923
2924
2925
2926
2927
2928
2929
2930
2931
2932
2933
2934
2935
2936
2937
2938
2939
2940
2941
2942
2943
2944
2945
2946
2947
2948
2949
2950
2951
2952
2953
2954
2955
2956
2957
2958
2959
2960
2961
2962
2963
2964
2965
2966
2967
2968
2969
2970
2971
2972
2973
2974
2975
2976
2977
2978
2979
2980
2981
2982
2983
2984
2985
2986
2987
2988
2989
2990
2991
2992
2993
2994
2995
0 0.1 0
0 0.2 0
0 0.3 0
0.11 0.11 0
0.2 0.1 0
0.1 0.2 0
0.29 0.11 0
0.2 0.3 0
0.29 0.29 0
0.11 0.29 0
0.326667 0.106667 0
0.363333 0.103333 0
0.4 0.1 0
0.326667 0.293333 0
0.363333 0.296667 0
0.4 0.3 0
0.3 0.17 0
0.333333 0.17 0
0.333333 0.19 0
0.3 0.19 0
0.366667 0.17 0
0.366667 0.19 0
0.4 0.17 0
0.4 0.19 0
0.333333 0.21 0
0.3 0.21 0
0.366667 0.21 0
0.4 0.21 0
0.333333 0.23 0
0.3 0.23 0
0.366667 0.23 0
0.4 0.23 0
0.433333 0.1 0
0.466667 0.1 0
0.5 0.1 0
0.5333329999999999 0.1 0
0.566667 0.1 0
0.6 0.1 0
0.433333 0.3 0
0.466667 0.3 0
0.5 0.3 0
0.5333329999999999 0.3 0
0.566667 0.3 0
0.6 0.3 0
0.433333 0.17 0
0.433333 0.19 0
0.466667 0.17 0
0.466667 0.19 0
0.5 0.17 0
0.5 0.19 0
0.5333329999999999 0.17 0
0.5333329999999999 0.19 0
0.566667 0.17 0
0.566667 0.19 0
0.6 0.17 0
0.6 0.19 0
0.433333 0.21 0
0.466667 0.21 0
0.5 0.21 0
0.5333329999999999 0.21 0
0.566667 0.21 0
0.6 0.21 0
0.433333 0.23 0
0.466667 0.23 0
0.5 0.23 0
0.5333329999999999 0.23 0
0.566667 0.23 0
0.6 0.23 0
0.63 0.1 0
0.75 0.1 0
1 0.1 0
1.25 0.1 0
1.5 0.1 0
1.75 0.1 0
2 0.1 0
0.63 0.3 0
0.75 0.3 0
1 0.3 0
1.25 0.3 0
1.5 0.3 0
1.75 0.3 0
2 0.3 0
0.63 0.17 0
0.63 0.19 0
0.75 0.17 0
0.75 0.19 0
1 0.17 0
1 0.19 0
1.25 0.17 0
1.25 0.19 0
1.5 0.17 0
1.5 0.19 0
1.75 0.17 0
1.75 0.19 0
2 0.17 0
2 0.19 0
0.63 0.21 0
0.75 0.21 0
1 0.21 0
1.25 0.21 0
1.5 0.21 0
1.75 0.21 0
2 0.21 0
0.63 0.23 0
0.75 0.23 0
1 0.23 0
1.25 0.23 0
1.5 0.23 0
1.75 0.23 0
2 0.23 0
0.330476 0.142857 0
0.295714 0.144286 0
0.365238 0.141429 0
0.4 0.14 0
0.433333 0.14 0
0.466667 0.14 0
0.5 0.14 0
0.5333329999999999 0.14 0
0.566667 0.14 0
0.6 0.14 0
0.63 0.14 0
0.75 0.14 0
1 0.14 0
1.25 0.14 0
1.5 0.14 0
1.75 0.14 0
2 0.14 0
0.330476 0.257143 0
0.295714 0.255714 0
0.365238 0.258571 0
0.4 0.26 0
0.433333 0.26 0
0.466667 0.26 0
0.5 0.26 0
0.5333329999999999 0.26 0
0.566667 0.26 0
0.6 0.26 0
0.63 0.26 0
0.75 0.26 0
1 0.26 0
1.25 0.26 0
1.5 0.26 0
1.75 0.26 0
2 0.26 0
0.1375 0.1375 0
0.125 0.2 0
0.2 0.125 0
0.26 0.135 0
0.2 0.275 0
0.26 0.265 0
0.1375 0.2625 0
0.274495 0.19 0
0.27 0.17 0
0.265714 0.245 0
0.27 0.23 0
0.265714 0.155 0
0.274495 0.21 0
0.055 0.105 0
0 0.05 0
0.105 0.055 0
0.0525 0.0525 0
0.155 0.105 0
0.2 0.05 0
0.1525 0.0525 0
0.05 0.2 0
0 0.15 0
0.105 0.155 0
0.0525 0.1525 0
0.245 0.105 0
0.295 0.055 0
0.2475 0.0525 0
0.2 0.355 0
0.245 0.295 0
0.295 0.35 0
0.2475 0.3525 0
0.055 0.295 0
0 0.25 0
0.105 0.245 0
0.0525 0.2475 0
0.105 0.35 0
0.155 0.295 0
0.1525 0.3525 0
0 0.355 0
0.0525 0.3525 0
0.3083335 0.1083335 0
0.33 0.0533335 0
0.3124999999999999 0.05416675 0
0.345 0.105 0
0.365 0.0516665 0
0.3474999999999999 0.0525 0
0.3816665 0.1016665 0
0.4 0.05 0
0.3825 0.05083325 0
0.3083335 0.2916665 0
0.33 0.3516665 0
0.3124999999999999 0.35083325 0
0.345 0.295 0
0.365 0.3533335 0
0.3474999999999999 0.3525 0
0.3816665 0.2983335 0
0.4 0.355 0
0.3825000000000001 0.35416675 0
0.3166665 0.19 0
0.3 0.18 0
0.3166665 0.17 0
0.333333 0.18 0
0.3166665 0.18 0
0.35 0.19 0
0.35 0.17 0
0.366667 0.18 0
0.35 0.18 0
0.3833335 0.19 0
0.3833335 0.17 0
0.4 0.18 0
0.3833335 0.18 0
0.3166665 0.23 0
0.3 0.22 0
0.3166665 0.21 0
0.333333 0.22 0
0.3166665 0.22 0
0.35 0.23 0
0.35 0.21 0
0.366667 0.22 0
0.35 0.22 0
0.3833335 0.23 0
0.3833335 0.21 0
0.4 0.22 0
0.3833335 0.22 0
0.4166665000000001 0.1 0
0.433333 0.05 0
0.4166665000000001 0.05 0
0.45 0.1 0
0.466667 0.05 0
0.45 0.05 0
0.4833335 0.1 0
0.5 0.05 0
0.4833335 0.05 0
0.5166664999999999 0.1 0
0.5333329999999999 0.05 0
0.5166664999999999 0.05 0
0.55 0.1 0
0.566667 0.05 0
0.55 0.05 0
0.5833334999999999 0.1 0
0.6 0.05 0
0.5833334999999999 0.05 0
0.4166665000000001 0.3 0
0.433333 0.355 0
0.4166665000000001 0.355 0
0.45 0.3 0
0.466667 0.355 0
0.45 0.355 0
0.4833335 0.3 0
0.5 0.355 0
0.4833335 0.355 0
0.5166664999999999 0.3 0
0.5333329999999999 0.355 0
0.5166664999999999 0.355 0
0.55 0.3 0
0.566667 0.355 0
0.55 0.355 0
0.5833334999999999 0.3 0
0.6 0.355 0
0.5833334999999999 0.355 0
0.4166665000000001 0.19 0
0.4166665000000001 0.17 0
0.433333 0.18 0
0.4166665000000001 0.18 0
0.45 0.19 0
0.45 0.17 0
0.466667 0.18 0
0.45 0.18 0
0.4833335 0.19 0
0.4833335 0.17 0
0.5 0.18 0
0.4833335 0.18 0
0.5166664999999999 0.19 0
0.5166664999999999 0.17 0
0.5333329999999999 0.18 0
0.5166664999999999 0.18 0
0.55 0.19 0
0.55 0.17 0
0.566667 0.18 0
0.55 0.18 0
0.5833334999999999 0.19 0
0.5833334999999999 0.17 0
0.6 0.18 0
0.5833334999999999 0.18 0
0.4166665000000001 0.23 0
0.4166665000000001 0.21 0
0.433333 0.22 0
0.4166665000000001 0.22 0
0.45 0.23 0
0.45 0.21 0
0.466667 0.22 0
0.45 0.22 0
0.4833335 0.23 0
0.4833335 0.21 0
0.5 0.22 0
0.4833335 0.22 0
0.5166664999999999 0.23 0
0.5166664999999999 0.21 0
0.5333329999999999 0.22 0
0.5166664999999999 0.22 0
0.55 0.23 0
0.55 0.21 0
0.566667 0.22 0
0.55 0.22 0
0.5833334999999999 0.23 0
0.5833334999999999 0.21 0
0.6 0.22 0
0.5833334999999999 0.22 0
0.615 0.1 0
0.63 0.05 0
0.615 0.05 0
0.6899999999999999 0.1 0
0.75 0.05 0
0.6899999999999999 0.05 0
0.875 0.1 0
1 0.05 0
0.875 0.05 0
1.125 0.1 0
1.25 0.05 0
1.125 0.05 0
1.375 0.1 0
1.5 0.05 0
1.375 0.05 0
1.625 0.1 0
1.75 0.05 0
1.625 0.05 0
1.875 0.1 0
2 0.05 0
1.875 0.05 0
0.615 0.3 0
0.63 0.355 0
0.615 0.355 0
0.6899999999999999 0.3 0
0.75 0.355 0
0.6899999999999999 0.355 0
0.875 0.3 0
1 0.355 0
0.875 0.355 0
1.125 0.3 0
1.25 0.355 0
1.125 0.355 0
1.375 0.3 0
1.5 0.355 0
1.375 0.355 0
1.625 0.3 0
1.75 0.355 0
1.625 0.355 0
1.875 0.3 0
2 0.355 0
1.875 0.355 0
0.615 0.19 0
0.615 0.17 0
0.63 0.18 0
0.615 0.18 0
0.6899999999999999 0.19 0
0.6899999999999999 0.17 0
0.75 0.18 0
0.6899999999999999 0.18 0
0.875 0.19 0
0.875 0.17 0
1 0.18 0
0.875 0.18 0
1.125 0.19 0
1.125 0.17 0
1.25 0.18 0
1.125 0.18 0
1.375 0.19 0
1.375 0.17 0
1.5 0.18 0
1.375 0.18 0
1.625 0.19 0
1.625 0.17 0
1.75 0.18 0
1.625 0.18 0
1.875 0.19 0
1.875 0.17 0
2 0.18 0
1.875 0.18 0
0.615 0.21 0
0.6 0.2 0
0.63 0.2 0
0.615 0.2 0
0.6899999999999999 0.21 0
0.75 0.2 0
0.6899999999999999 0.2 0
0.875 0.21 0
1 0.2 0
0.875 0.2 0
1.125 0.21 0
1.25 0.2 0
1.125 0.2 0
1.375 0.21 0
1.5 0.2 0
1.375 0.2 0
1.625 0.21 0
1.75 0.2 0
1.625 0.2 0
1.875 0.21 0
2 0.2 0
1.875 0.2 0
0.615 0.23 0
0.63 0.22 0
0.615 0.22 0
0.6899999999999999 0.23 0
0.75 0.22 0
0.6899999999999999 0.22 0
0.875 0.23 0
1 0.22 0
0.875 0.22 0
1.125 0.23 0
1.25 0.22 0
1.125 0.22 0
1.375 0.23 0
1.5 0.22 0
1.375 0.22 0
1.625 0.23 0
1.75 0.22 0
1.625 0.22 0
1.875 0.23 0
2 0.22 0
1.875 0.22 0
2.25 0.1 0
2.25 0.05 0
2.25 0.3 0
2.25 0.355 0
2.25 0.19 0
2.25 0.17 0
2.25 0.18 0
2.25 0.21 0
2.25 0.2 0
2.25 0.23 0
2.25 0.22 0
0.313095 0.1435715 0
0.292857 0.127143 0
0.3285715 0.124762 0
0.31071425 0.1259525 0
0.297857 0.157143 0
0.3319045 0.1564285 0
0.31488075 0.15678575 0
0.347857 0.142143 0
0.3642855 0.122381 0
0.3464285 0.1235715 0
0.3659525 0.1557145 0
0.3489285 0.1560715 0
0.382619 0.1407145 0
0.4 0.12 0
0.3821427500000001 0.1211905 0
0.4 0.155 0
0.38297625 0.15535725 0
0.4166665000000001 0.14 0
0.433333 0.12 0
0.4166665000000001 0.12 0
0.433333 0.155 0
0.4166665000000001 0.155 0
0.45 0.14 0
0.466667 0.12 0
0.45 0.12 0
0.466667 0.155 0
0.45 0.155 0
0.4833335 0.14 0
0.5 0.12 0
0.4833335 0.12 0
0.5 0.155 0
0.4833335 0.155 0
0.5166664999999999 0.14 0
0.5333329999999999 0.12 0
0.5166664999999999 0.12 0
0.5333329999999999 0.155 0
0.5166664999999999 0.155 0
0.55 0.14 0
0.566667 0.12 0
0.55 0.12 0
0.566667 0.155 0
0.55 0.155 0
0.5833334999999999 0.14 0
0.6 0.12 0
0.5833334999999999 0.12 0
0.6 0.155 0
0.5833334999999999 0.155 0
0.615 0.14 0
0.63 0.12 0
0.615 0.12 0
0.63 0.155 0
0.615 0.155 0
0.6899999999999999 0.14 0
0.75 0.12 0
0.6899999999999999 0.12 0
0.75 0.155 0
0.6899999999999999 0.155 0
0.875 0.14 0
1 0.12 0
0.875 0.12 0
1 0.155 0
0.875 0.155 0
1.125 0.14 0
1.25 0.12 0
1.125 0.12 0
1.25 0.155 0
1.125 0.155 0
1.375 0.14 0
1.5 0.12 0
1.375 0.12 0
1.5 0.155 0
1.375 0.155 0
1.625 0.14 0
1.75 0.12 0
1.625 0.12 0
1.75 0.155 0
1.625 0.155 0
1.875 0.14 0
2 0.12 0
1.875 0.12 0
2 0.155 0
1.875 0.155 0
2.25 0.14 0
2.25 0.12 0
2.25 0.155 0
0.313095 0.2564285 0
0.297857 0.242857 0
0.3319045 0.2435715 0
0.3148807499999999 0.24321425 0
0.292857 0.272857 0
0.3285715 0.275238 0
0.31071425 0.2740475 0
0.347857 0.257857 0
0.3659525 0.2442855 0
0.3489285 0.2439285 0
0.3642855 0.277619 0
0.3464285 0.2764285 0
0.382619 0.2592855 0
0.4 0.245 0
0.38297625 0.24464275 0
0.4 0.28 0
0.3821427500000001 0.2788095 0
0.4166665000000001 0.26 0
0.433333 0.245 0
0.4166665000000001 0.245 0
0.433333 0.28 0
0.4166665000000001 0.28 0
0.45 0.26 0
0.466667 0.245 0
0.45 0.245 0
0.466667 0.28 0
0.45 0.28 0
0.4833335 0.26 0
0.5 0.245 0
0.4833335 0.245 0
0.5 0.28 0
0.4833335 0.28 0
0.5166664999999999 0.26 0
0.5333329999999999 0.245 0
0.5166664999999999 0.245 0
0.5333329999999999 0.28 0
0.5166664999999999 0.28 0
0.55 0.26 0
0.566667 0.245 0
0.55 0.245 0
0.566667 0.28 0
0.55 0.28 0
0.5833334999999999 0.26 0
0.6 0.245 0
0.5833334999999999 0.245 0
0.6 0.28 0
0.5833334999999999 0.28 0
0.615 0.26 0
0.63 0.245 0
0.615 0.245 0
0.63 0.28 0
0.615 0.28 0
0.6899999999999999 0.26 0
0.75 0.245 0
0.6899999999999999 0.245 0
0.75 0.28 0
0.6899999999999999 0.28 0
0.875 0.26 0
1 0.245 0
0.875 0.245 0
1 0.28 0
0.875 0.28 0
1.125 0.26 0
1.25 0.245 0
1.125 0.245 0
1.25 0.28 0
1.125 0.28 0
1.375 0.26 0
1.5 0.245 0
1.375 0.245 0
1.5 0.28 0
1.375 0.28 0
1.625 0.26 0
1.75 0.245 0
1.625 0.245 0
1.75 0.28 0
1.625 0.28 0
1.875 0.26 0
2 0.245 0
1.875 0.245 0
2 0.28 0
1.875 0.28 0
2.25 0.26 0
2.25 0.245 0
2.25 0.28 0
0.1125 0.2 0
0.12375 0.12375 0
0.13125 0.16875 0
0.118125 0.161875 0
0.1375 0.2 0
0.15125 0.15125 0
0.144375 0.175625 0
0.16875 0.13125 0
0.2 0.1125 0
0.161875 0.118125 0
0.2 0.1375 0
0.175625 0.144375 0
0.23 0.13 0
0.275 0.1225 0
0.2375 0.1175 0
0.245 0.1475 0
0.2225 0.1425 0
0.275 0.2775 0
0.2 0.2875 0
0.23 0.27 0
0.2375 0.2825 0
0.245 0.2525 0
0.2 0.2625 0
0.2225 0.2575 0
0.12375 0.27625 0
0.16875 0.26875 0
0.161875 0.281875 0
0.15125 0.24875 0
0.175625 0.255625 0
0.13125 0.23125 0
0.118125 0.238125 0
0.144375 0.224375 0
0.2722475 0.18 0
0.285 0.17 0
0.2872475 0.19 0
0.28612375 0.18 0
0.255 0.17 0
0.2617425 0.19 0
0.25837125 0.18 0
0.267857 0.2375 0
0.285 0.23 0
0.280714 0.250357 0
0.282857 0.2401785 0
0.255 0.23 0
0.250714 0.239643 0
0.252857 0.2348215 0
0.262857 0.255 0
0.277857 0.2639285 0
0.247857 0.2460715 0
0.267857 0.1625 0
0.280714 0.149643 0
0.282857 0.1598215 0
0.250714 0.160357 0
0.252857 0.1651785 0
0.2722475 0.22 0
0.2872475 0.21 0
0.28612375 0.22 0
0.2617425 0.21 0
0.25837125 0.22 0
0.262857 0.145 0
0.277857 0.1360715 0
0.247857 0.1539285 0
0.0825 0.1075 0
0.05375 0.07875 0
0.07875 0.05375 0
0.1075 0.0825 0
0.080625 0.080625 0
0.0275 0.1025 0
0 0.07500000000000001 0
0.02625 0.05125 0
0.026875 0.07687500000000001 0
0 0.025 0
0.05125 0.02625 0
0.025625 0.025625 0
0.1025 0.0275 0
0.07687500000000001 0.026875 0
0.1775 0.1025 0
0.15375 0.07875 0
0.17625 0.05125 0
0.2 0.07500000000000001 0
0.176875 0.07687500000000001 0
0.1325 0.1075 0
0.12875 0.05375 0
0.130625 0.080625 0
0.15125 0.02625 0
0.126875 0.026875 0
0.2 0.025 0
0.175625 0.025625 0
0.07500000000000001 0.2 0
0.05125 0.17625 0
0.07875 0.15375 0
0.1025 0.1775 0
0.07687500000000001 0.176875 0
0.025 0.2 0
0 0.175 0
0.02625 0.15125 0
0.025625 0.175625 0
0 0.125 0
0.05375 0.12875 0
0.026875 0.126875 0
0.1075 0.1325 0
0.080625 0.130625 0
0.2675 0.1075 0
0.24625 0.07875 0
0.27125 0.05375 0
0.2925 0.0825 0
0.269375 0.080625 0
0.2225 0.1025 0
0.22375 0.05125 0
0.223125 0.07687500000000001 0
0.24875 0.02625 0
0.224375 0.025625 0
0.2975 0.0275 0
0.273125 0.026875 0
0.24875 0.38125 0
0.27125 0.35125 0
0.2975 0.38 0
0.273125 0.380625 0
0.2 0.3825 0
0.22375 0.35375 0
0.224375 0.381875 0
0.2 0.3275 0
0.2225 0.2975 0
0.24625 0.32375 0
0.223125 0.325625 0
0.2675 0.2925 0
0.2925 0.32 0
0.269375 0.321875 0
0.0825 0.2925 0
0.05375 0.27125 0
0.07875 0.24625 0
0.1075 0.2675 0
0.080625 0.2693749999999999 0
0.0275 0.2975 0
0 0.275 0
0.02625 0.24875 0
0.026875 0.273125 0
0 0.225 0
0.05125 0.22375 0
0.025625 0.224375 0
0.1025 0.2225 0
0.07687500000000001 0.223125 0
0.15125 0.38125 0
0.17625 0.35375 0
0.175625 0.381875 0
0.1025 0.38 0
0.12875 0.35125 0
0.126875 0.380625 0
0.1075 0.32 0
0.1325 0.2925 0
0.15375 0.32375 0
0.130625 0.321875 0
0.1775 0.2975 0
0.176875 0.325625 0
0.05125 0.38125 0
0.07875 0.35125 0
0.07687500000000001 0.380625 0
0 0.3825 0
0.02625 0.35375 0
0.025625 0.381875 0
0 0.3275 0
0.05375 0.32375 0
0.026875 0.325625 0
0.080625 0.321875 0
0.31750025 0.10750025 0
0.3104167499999999 0.08125012500000001 0
0.3212499999999999 0.053750125 0
0.3283335 0.08000024999999999 0
0.3193751249999999 0.0806251875 0
0.29916675 0.10916675 0
0.30375 0.054583375 0
0.3014583749999999 0.08187506250000001 0
0.31458325 0.027083375 0
0.306041625 0.0272916875 0
0.3316665 0.02666675 0
0.323124875 0.0268750625 0
0.3541665 0.1041665 0
0.3462499999999999 0.07875 0
0.35625 0.05208325 0
0.3641665 0.07749974999999999 0
0.35520825 0.078124875 0
0.3358335 0.1058335 0
0.33875 0.05291675 0
0.33729175 0.079375125 0
0.3487499999999999 0.02625 0
0.34020825 0.026458375 0
0.3658335 0.02583325 0
0.3572917499999999 0.026041625 0
0.39083325 0.10083325 0
0.38208325 0.07624987500000001 0
0.39125 0.05041662500000001 0
0.4 0.07500000000000001 0
0.3910416249999999 0.07562493750000002 0
0.37249975 0.10249975 0
0.37375 0.051249875 0
0.373124875 0.0768748125 0
0.38291675 0.025416625 0
0.374375125 0.0256249375 0
0.4 0.025 0
0.391458375 0.0252083125 0
0.31458325 0.380416625 0
0.3212499999999999 0.351249875 0
0.3316665 0.38083325 0
0.323124875 0.3806249375 0
0.30375 0.350416625 0
0.306041625 0.3802083125 0
0.29916675 0.29083325 0
0.3104167499999999 0.321249875 0
0.3014583749999999 0.3206249375 0
0.31750025 0.29249975 0
0.3283335 0.32249975 0
0.3193751249999999 0.3218748125 0
0.3487499999999999 0.38125 0
0.35625 0.35291675 0
0.3658335 0.38166675 0
0.35729175 0.381458375 0
0.33875 0.35208325 0
0.34020825 0.3810416249999999 0
0.3358335 0.2941665 0
0.3462499999999999 0.32375 0
0.33729175 0.323124875 0
0.3541665 0.2958335 0
0.3641665 0.32500025 0
0.3552082499999999 0.324375125 0
0.38291675 0.382083375 0
0.3912500000000001 0.354583375 0
0.4 0.3825 0
0.391458375 0.3822916875 0
0.37375 0.353750125 0
0.374375125 0.3818750625 0
0.37249975 0.29750025 0
0.3820832500000001 0.3262501249999999 0
0.373124875 0.3256251875 0
0.39083325 0.29916675 0
0.4 0.3275 0
0.3910416250000001 0.3268750625 0
0.32499975 0.19 0
0.3166665 0.185 0
0.32499975 0.18 0
0.333333 0.185 0
0.32499975 0.185 0
0.30833325 0.19 0
0.3 0.185 0
0.30833325 0.18 0
0.30833325 0.185 0
0.3 0.175 0
0.30833325 0.17 0
0.3166665 0.175 0
0.30833325 0.175 0
0.32499975 0.17 0
0.333333 0.175 0
0.32499975 0.175 0
0.3583335 0.19 0
0.35 0.185 0
0.3583335 0.18 0
0.366667 0.185 0
0.3583335 0.185 0
0.3416665 0.19 0
0.3416665 0.18 0
0.3416665 0.185 0
0.3416665 0.17 0
0.35 0.175 0
0.3416665 0.175 0
0.3583335 0.17 0
0.366667 0.175 0
0.3583335 0.175 0
0.39166675 0.19 0
0.3833335 0.185 0
0.39166675 0.18 0
0.4 0.185 0
0.3916667500000001 0.185 0
0.37500025 0.19 0
0.37500025 0.18 0
0.37500025 0.185 0
0.37500025 0.17 0
0.3833335 0.175 0
0.37500025 0.175 0
0.39166675 0.17 0
0.4 0.175 0
0.3916667500000001 0.175 0
0.32499975 0.23 0
0.3166665 0.225 0
0.32499975 0.22 0
0.333333 0.225 0
0.32499975 0.225 0
0.30833325 0.23 0
0.3 0.225 0
0.30833325 0.22 0
0.30833325 0.225 0
0.3 0.215 0
0.30833325 0.21 0
0.3166665 0.215 0
0.30833325 0.215 0
0.32499975 0.21 0
0.333333 0.215 0
0.32499975 0.215 0
0.3583335 0.23 0
0.35 0.225 0
0.3583335 0.22 0
0.366667 0.225 0
0.3583335 0.225 0
0.3416665 0.23 0
0.3416665 0.22 0
0.3416665 0.225 0
0.3416665 0.21 0
0.35 0.215 0
0.3416665 0.215 0
0.3583335 0.21 0
0.366667 0.215 0
0.3583335 0.215 0
0.39166675 0.23 0
0.3833335 0.225 0
0.39166675 0.22 0
0.4 0.225 0
0.3916667500000001 0.225 0
0.37500025 0.23 0
0.37500025 0.22 0
0.37500025 0.225 0
0.37500025 0.21 0
0.3833335 0.215 0
0.37500025 0.215 0
0.39166675 0.21 0
0.4 0.215 0
0.3916667500000001 0.215 0
0.4249997500000001 0.1 0
0.4166665000000001 0.07500000000000001 0
0.4249997500000001 0.05 0
0.433333 0.07500000000000001 0
0.4249997500000001 0.07500000000000001 0
0.4083332500000001 0.1 0
0.4083332500000001 0.05 0
0.4083332500000001 0.07500000000000001 0
0.4166665000000001 0.025 0
0.4083332500000001 0.025 0
0.433333 0.025 0
0.4249997500000001 0.025 0
0.4583335 0.1 0
0.45 0.07500000000000001 0
0.4583335 0.05 0
0.466667 0.07500000000000001 0
0.4583335 0.07500000000000001 0
0.4416665 0.1 0
0.4416665 0.05 0
0.4416665 0.07500000000000001 0
0.45 0.025 0
0.4416665 0.025 0
0.466667 0.025 0
0.4583335 0.025 0
0.49166675 0.1 0
0.4833335 0.07500000000000001 0
0.49166675 0.05 0
0.5 0.07500000000000001 0
0.49166675 0.07500000000000001 0
0.47500025 0.1 0
0.47500025 0.05 0
0.47500025 0.07500000000000001 0
0.4833335 0.025 0
0.47500025 0.025 0
0.5 0.025 0
0.49166675 0.025 0
0.5249997499999999 0.1 0
0.5166664999999999 0.07500000000000001 0
0.5249997499999999 0.05 0
0.5333329999999999 0.07500000000000001 0
0.5249997499999999 0.07500000000000001 0
0.50833325 0.1 0
0.50833325 0.05 0
0.50833325 0.07500000000000001 0
0.5166664999999999 0.025 0
0.50833325 0.025 0
0.5333329999999999 0.025 0
0.5249997499999999 0.025 0
0.5583335 0.1 0
0.55 0.07500000000000001 0
0.5583335 0.05 0
0.566667 0.07500000000000001 0
0.5583335 0.07500000000000001 0
0.5416665000000001 0.1 0
0.5416665000000001 0.05 0
0.5416665000000001 0.07500000000000001 0
0.55 0.025 0
0.5416665000000001 0.025 0
0.566667 0.025 0
0.5583335 0.025 0
0.5916667499999999 0.1 0
0.5833334999999999 0.07500000000000001 0
0.5916667499999999 0.05 0
0.6 0.07500000000000001 0
0.5916667499999999 0.07500000000000001 0
0.57500025 0.1 0
0.57500025 0.05 0
0.57500025 0.07500000000000001 0
0.5833334999999999 0.025 0
0.57500025 0.025 0
0.6 0.025 0
0.5916667499999999 0.025 0
0.4166665000000001 0.3825 0
0.4249997500000001 0.355 0
0.433333 0.3825 0
0.4249997500000001 0.3825 0
0.4083332500000001 0.355 0
0.4083332500000001 0.3825 0
0.4083332500000001 0.3 0
0.4166665000000001 0.3275 0
0.4083332500000001 0.3275 0
0.4249997500000001 0.3 0
0.433333 0.3275 0
0.4249997500000001 0.3275 0
0.45 0.3825 0
0.4583335 0.355 0
0.466667 0.3825 0
0.4583335 0.3825 0
0.4416665 0.355 0
0.4416665 0.3825 0
0.4416665 0.3 0
0.45 0.3275 0
0.4416665 0.3275 0
0.4583335 0.3 0
0.466667 0.3275 0
0.4583335 0.3275 0
0.4833335 0.3825 0
0.49166675 0.355 0
0.5 0.3825 0
0.49166675 0.3825 0
0.47500025 0.355 0
0.47500025 0.3825 0
0.47500025 0.3 0
0.4833335 0.3275 0
0.47500025 0.3275 0
0.49166675 0.3 0
0.5 0.3275 0
0.49166675 0.3275 0
0.5166664999999999 0.3825 0
0.5249997499999999 0.355 0
0.5333329999999999 0.3825 0
0.5249997499999999 0.3825 0
0.50833325 0.355 0
0.50833325 0.3825 0
0.50833325 0.3 0
0.5166664999999999 0.3275 0
0.50833325 0.3275 0
0.5249997499999999 0.3 0
0.5333329999999999 0.3275 0
0.5249997499999999 0.3275 0
0.55 0.3825 0
0.5583335 0.355 0
0.566667 0.3825 0
0.5583335 0.3825 0
0.5416665000000001 0.355 0
0.5416665000000001 0.3825 0
0.5416665000000001 0.3 0
0.55 0.3275 0
0.5416665000000001 0.3275 0
0.5583335 0.3 0
0.566667 0.3275 0
0.5583335 0.3275 0
0.5833334999999999 0.3825 0
0.5916667499999999 0.355 0
0.6 0.3825 0
0.5916667499999999 0.3825 0
0.57500025 0.355 0
0.57500025 0.3825 0
0.57500025 0.3 0
0.5833334999999999 0.3275 0
0.57500025 0.3275 0
0.5916667499999999 0.3 0
0.6 0.3275 0
0.5916667499999999 0.3275 0
0.4249997500000001 0.19 0
0.4166665000000001 0.185 0
0.4249997500000001 0.18 0
0.433333 0.185 0
0.4249997500000001 0.185 0
0.4083332500000001 0.19 0
0.4083332500000001 0.18 0
0.4083332500000001 0.185 0
0.4083332500000001 0.17 0
0.4166665000000001 0.175 0
0.4083332500000001 0.175 0
0.4249997500000001 0.17 0
0.433333 0.175 0
0.4249997500000001 0.175 0
0.4583335 0.19 0
0.45 0.185 0
0.4583335 0.18 0
0.466667 0.185 0
0.4583335 0.185 0
0.4416665 0.19 0
0.4416665 0.18 0
0.4416665 0.185 0
0.4416665 0.17 0
0.45 0.175 0
0.4416665 0.175 0
0.4583335 0.17 0
0.466667 0.175 0
0.4583335 0.175 0
0.49166675 0.19 0
0.4833335 0.185 0
0.49166675 0.18 0
0.5 0.185 0
0.49166675 0.185 0
0.47500025 0.19 0
0.47500025 0.18 0
0.47500025 0.185 0
0.47500025 0.17 0
0.4833335 0.175 0
0.47500025 0.175 0
0.49166675 0.17 0
0.5 0.175 0
0.49166675 0.175 0
0.5249997499999999 0.19 0
0.5166664999999999 0.185 0
0.5249997499999999 0.18 0
0.5333329999999999 0.185 0
0.5249997499999999 0.185 0
0.50833325 0.19 0
0.50833325 0.18 0
0.50833325 0.185 0
0.50833325 0.17 0
0.5166664999999999 0.175 0
0.50833325 0.175 0
0.5249997499999999 0.17 0
0.5333329999999999 0.175 0
0.5249997499999999 0.175 0
0.5583335 0.19 0
0.55 0.185 0
0.5583335 0.18 0
0.566667 0.185 0
0.5583335 0.185 0
0.5416665000000001 0.19 0
0.5416665000000001 0.18 0
0.5416665000000001 0.185 0
0.5416665000000001 0.17 0
0.55 0.175 0
0.5416665000000001 0.175 0
0.5583335 0.17 0
0.566667 0.175 0
0.5583335 0.175 0
0.5916667499999999 0.19 0
0.5833334999999999 0.185 0
0.5916667499999999 0.18 0
0.6 0.185 0
0.5916667499999999 0.185 0
0.57500025 0.19 0
0.57500025 0.18 0
0.57500025 0.185 0
0.57500025 0.17 0
0.5833334999999999 0.175 0
0.57500025 0.175 0
0.5916667499999999 0.17 0
0.6 0.175 0
0.5916667499999999 0.175 0
0.4249997500000001 0.23 0
0.4166665000000001 0.225 0
0.4249997500000001 0.22 0
0.433333 0.225 0
0.4249997500000001 0.225 0
0.4083332500000001 0.23 0
0.4083332500000001 0.22 0
0.4083332500000001 0.225 0
0.4083332500000001 0.21 0
0.4166665000000001 0.215 0
0.4083332500000001 0.215 0
0.4249997500000001 0.21 0
0.433333 0.215 0
0.4249997500000001 0.215 0
0.4583335 0.23 0
0.45 0.225 0
0.4583335 0.22 0
0.466667 0.225 0
0.4583335 0.225 0
0.4416665 0.23 0
0.4416665 0.22 0
0.4416665 0.225 0
0.4416665 0.21 0
0.45 0.215 0
0.4416665 0.215 0
0.4583335 0.21 0
0.466667 0.215 0
0.4583335 0.215 0
0.49166675 0.23 0
0.4833335 0.225 0
0.49166675 0.22 0
0.5 0.225 0
0.49166675 0.225 0
0.47500025 0.23 0
0.47500025 0.22 0
0.47500025 0.225 0
0.47500025 0.21 0
0.4833335 0.215 0
0.47500025 0.215 0
0.49166675 0.21 0
0.5 0.215 0
0.49166675 0.215 0
0.5249997499999999 0.23 0
0.5166664999999999 0.225 0
0.5249997499999999 0.22 0
0.5333329999999999 0.225 0
0.5249997499999999 0.225 0
0.50833325 0.23 0
0.50833325 0.22 0
0.50833325 0.225 0
0.50833325 0.21 0
0.5166664999999999 0.215 0
0.50833325 0.215 0
0.5249997499999999 0.21 0
0.5333329999999999 0.215 0
0.5249997499999999 0.215 0
0.5583335 0.23 0
0.55 0.225 0
0.5583335 0.22 0
0.566667 0.225 0
0.5583335 0.225 0
0.5416665000000001 0.23 0
0.5416665000000001 0.22 0
0.5416665000000001 0.225 0
0.5416665000000001 0.21 0
0.55 0.215 0
0.5416665000000001 0.215 0
0.5583335 0.21 0
0.566667 0.215 0
0.5583335 0.215 0
0.5916667499999999 0.23 0
0.5833334999999999 0.225 0
0.5916667499999999 0.22 0
0.6 0.225 0
0.5916667499999999 0.225 0
0.57500025 0.23 0
0.57500025 0.22 0
0.57500025 0.225 0
0.57500025 0.21 0
0.5833334999999999 0.215 0
0.57500025 0.215 0
0.5916667499999999 0.21 0
0.6 0.215 0
0.5916667499999999 0.215 0
0.6225000000000001 0.1 0
0.615 0.07500000000000001 0
0.6225000000000001 0.05 0
0.63 0.07500000000000001 0
0.6225000000000001 0.07500000000000001 0
0.6074999999999999 0.1 0
0.6074999999999999 0.05 0
0.6074999999999999 0.07500000000000001 0
0.615 0.025 0
0.6074999999999999 0.025 0
0.63 0.025 0
0.6225000000000001 0.025 0
0.72 0.1 0
0.6899999999999999 0.07500000000000001 0
0.72 0.05 0
0.75 0.07500000000000001 0
0.72 0.07500000000000001 0
0.6599999999999999 0.1 0
0.6599999999999999 0.05 0
0.6599999999999999 0.07500000000000001 0
0.6899999999999999 0.025 0
0.6599999999999999 0.025 0
0.75 0.025 0
0.72 0.025 0
0.9375 0.1 0
0.875 0.07500000000000001 0
0.9375 0.05 0
1 0.07500000000000001 0
0.9375 0.07500000000000001 0
0.8125 0.1 0
0.8125 0.05 0
0.8125 0.07500000000000001 0
0.875 0.025 0
0.8125 0.025 0
1 0.025 0
0.9375 0.025 0
1.1875 0.1 0
1.125 0.07500000000000001 0
1.1875 0.05 0
1.25 0.07500000000000001 0
1.1875 0.07500000000000001 0
1.0625 0.1 0
1.0625 0.05 0
1.0625 0.07500000000000001 0
1.125 0.025 0
1.0625 0.025 0
1.25 0.025 0
1.1875 0.025 0
1.4375 0.1 0
1.375 0.07500000000000001 0
1.4375 0.05 0
1.5 0.07500000000000001 0
1.4375 0.07500000000000001 0
1.3125 0.1 0
1.3125 0.05 0
1.3125 0.07500000000000001 0
1.375 0.025 0
1.3125 0.025 0
1.5 0.025 0
1.4375 0.025 0
1.6875 0.1 0
1.625 0.07500000000000001 0
1.6875 0.05 0
1.75 0.07500000000000001 0
1.6875 0.07500000000000001 0
1.5625 0.1 0
1.5625 0.05 0
1.5625 0.07500000000000001 0
1.625 0.025 0
1.5625 0.025 0
1.75 0.025 0
1.6875 0.025 0
1.9375 0.1 0
1.875 0.07500000000000001 0
1.9375 0.05 0
2 0.07500000000000001 0
1.9375 0.07500000000000001 0
1.8125 0.1 0
1.8125 0.05 0
1.8125 0.07500000000000001 0
1.875 0.025 0
1.8125 0.025 0
2 0.025 0
1.9375 0.025 0
0.615 0.3825 0
0.6225000000000001 0.355 0
0.63 0.3825 0
0.6225000000000001 0.3825 0
0.6074999999999999 0.355 0
0.6074999999999999 0.3825 0
0.6074999999999999 0.3 0
0.615 0.3275 0
0.6074999999999999 0.3275 0
0.6225000000000001 0.3 0
0.63 0.3275 0
0.6225000000000001 0.3275 0
0.6899999999999999 0.3825 0
0.72 0.355 0
0.75 0.3825 0
0.72 0.3825 0
0.6599999999999999 0.355 0
0.6599999999999999 0.3825 0
0.6599999999999999 0.3 0
0.6899999999999999 0.3275 0
0.6599999999999999 0.3275 0
0.72 0.3 0
0.75 0.3275 0
0.72 0.3275 0
0.875 0.3825 0
0.9375 0.355 0
1 0.3825 0
0.9375 0.3825 0
0.8125 0.355 0
0.8125 0.3825 0
0.8125 0.3 0
0.875 0.3275 0
0.8125 0.3275 0
0.9375 0.3 0
1 0.3275 0
0.9375 0.3275 0
1.125 0.3825 0
1.1875 0.355 0
1.25 0.3825 0
1.1875 0.3825 0
1.0625 0.355 0
1.0625 0.3825 0
1.0625 0.3 0
1.125 0.3275 0
1.0625 0.3275 0
1.1875 0.3 0
1.25 0.3275 0
1.1875 0.3275 0
1.375 0.3825 0
1.4375 0.355 0
1.5 0.3825 0
1.4375 0.3825 0
1.3125 0.355 0
1.3125 0.3825 0
1.3125 0.3 0
1.375 0.3275 0
1.3125 0.3275 0
1.4375 0.3 0
1.5 0.3275 0
1.4375 0.3275 0
1.625 0.3825 0
1.6875 0.355 0
1.75 0.3825 0
1.6875 0.3825 0
1.5625 0.355 0
1.5625 0.3825 0
1.5625 0.3 0
1.625 0.3275 0
1.5625 0.3275 0
1.6875 0.3 0
1.75 0.3275 0
1.6875 0.3275 0
1.875 0.3825 0
1.9375 0.355 0
2 0.3825 0
1.9375 0.3825 0
1.8125 0.355 0
1.8125 0.3825 0
1.8125 0.3 0
1.875 0.3275 0
1.8125 0.3275 0
1.9375 0.3 0
2 0.3275 0
1.9375 0.3275 0
0.6225000000000001 0.19 0
0.615 0.185 0
0.6225000000000001 0.18 0
0.63 0.185 0
0.6225000000000001 0.185 0
0.6074999999999999 0.19 0
0.6074999999999999 0.18 0
0.6074999999999999 0.185 0
0.6074999999999999 0.17 0
0.615 0.175 0
0.6074999999999999 0.175 0
0.6225000000000001 0.17 0
0.63 0.175 0
0.6225000000000001 0.175 0
0.72 0.19 0
0.6899999999999999 0.185 0
0.72 0.18 0
0.75 0.185 0
0.72 0.185 0
0.6599999999999999 0.19 0
0.6599999999999999 0.18 0
0.6599999999999999 0.185 0
0.6599999999999999 0.17 0
0.6899999999999999 0.175 0
0.6599999999999999 0.175 0
0.72 0.17 0
0.75 0.175 0
0.72 0.175 0
0.9375 0.19 0
0.875 0.185 0
0.9375 0.18 0
1 0.185 0
0.9375 0.185 0
0.8125 0.19 0
0.8125 0.18 0
0.8125 0.185 0
0.8125 0.17 0
0.875 0.175 0
0.8125 0.175 0
0.9375 0.17 0
1 0.175 0
0.9375 0.175 0
1.1875 0.19 0
1.125 0.185 0
1.1875 0.18 0
1.25 0.185 0
1.1875 0.185 0
1.0625 0.19 0
1.0625 0.18 0
1.0625 0.185 0
1.0625 0.17 0
1.125 0.175 0
1.0625 0.175 0
1.1875 0.17 0
1.25 0.175 0
1.1875 0.175 0
1.4375 0.19 0
1.375 0.185 0
1.4375 0.18 0
1.5 0.185 0
1.4375 0.185 0
1.3125 0.19 0
1.3125 0.18 0
1.3125 0.185 0
1.3125 0.17 0
1.375 0.175 0
1.3125 0.175 0
1.4375 0.17 0
1.5 0.175 0
1.4375 0.175 0
1.6875 0.19 0
1.625 0.185 0
1.6875 0.18 0
1.75 0.185 0
1.6875 0.185 0
1.5625 0.19 0
1.5625 0.18 0
1.5625 0.185 0
1.5625 0.17 0
1.625 0.175 0
1.5625 0.175 0
1.6875 0.17 0
1.75 0.175 0
1.6875 0.175 0
1.9375 0.19 0
1.875 0.185 0
1.9375 0.18 0
2 0.185 0
1.9375 0.185 0
1.8125 0.19 0
1.8125 0.18 0
1.8125 0.185 0
1.8125 0.17 0
1.875 0.175 0
1.8125 0.175 0
1.9375 0.17 0
2 0.175 0
1.9375 0.175 0
0.6225000000000001 0.21 0
0.615 0.205 0
0.6225000000000001 0.2 0
0.63 0.205 0
0.6225000000000001 0.205 0
0.6074999999999999 0.21 0
0.6 0.205 0
0.6074999999999999 0.2 0
0.6074999999999999 0.205 0
0.6 0.195 0
0.615 0.195 0
0.6074999999999999 0.195 0
0.63 0.195 0
0.6225000000000001 0.195 0
0.72 0.21 0
0.6899999999999999 0.205 0
0.72 0.2 0
0.75 0.205 0
0.72 0.205 0
0.6599999999999999 0.21 0
0.6599999999999999 0.2 0
0.6599999999999999 0.205 0
0.6899999999999999 0.195 0
0.6599999999999999 0.195 0
0.75 0.195 0
0.72 0.195 0
0.9375 0.21 0
0.875 0.205 0
0.9375 0.2 0
1 0.205 0
0.9375 0.205 0
0.8125 0.21 0
0.8125 0.2 0
0.8125 0.205 0
0.875 0.195 0
0.8125 0.195 0
1 0.195 0
0.9375 0.195 0
1.1875 0.21 0
1.125 0.205 0
1.1875 0.2 0
1.25 0.205 0
1.1875 0.205 0
1.0625 0.21 0
1.0625 0.2 0
1.0625 0.205 0
1.125 0.195 0
1.0625 0.195 0
1.25 0.195 0
1.1875 0.195 0
1.4375 0.21 0
1.375 0.205 0
1.4375 0.2 0
1.5 0.205 0
1.4375 0.205 0
1.3125 0.21 0
1.3125 0.2 0
1.3125 0.205 0
1.375 0.195 0
1.3125 0.195 0
1.5 0.195 0
1.4375 0.195 0
1.6875 0.21 0
1.625 0.205 0
1.6875 0.2 0
1.75 0.205 0
1.6875 0.205 0
1.5625 0.21 0
1.5625 0.2 0
1.5625 0.205 0
1.625 0.195 0
1.5625 0.195 0
1.75 0.195 0
1.6875 0.195 0
1.9375 0.21 0
1.875 0.205 0
1.9375 0.2 0
2 0.205 0
1.9375 0.205 0
1.8125 0.21 0
1.8125 0.2 0
1.8125 0.205 0
1.875 0.195 0
1.8125 0.195 0
2 0.195 0
1.9375 0.195 0
0.6225000000000001 0.23 0
0.615 0.225 0
0.6225000000000001 0.22 0
0.63 0.225 0
0.6225000000000001 0.225 0
0.6074999999999999 0.23 0
0.6074999999999999 0.22 0
0.6074999999999999 0.225 0
0.615 0.215 0
0.6074999999999999 0.215 0
0.63 0.215 0
0.6225000000000001 0.215 0
0.72 0.23 0
0.6899999999999999 0.225 0
0.72 0.22 0
0.75 0.225 0
0.72 0.225 0
0.6599999999999999 0.23 0
0.6599999999999999 0.22 0
0.6599999999999999 0.225 0
0.6899999999999999 0.215 0
0.6599999999999999 0.215 0
0.75 0.215 0
0.72 0.215 0
0.9375 0.23 0
0.875 0.225 0
0.9375 0.22 0
1 0.225 0
0.9375 0.225 0
0.8125 0.23 0
0.8125 0.22 0
0.8125 0.225 0
0.875 0.215 0
0.8125 0.215 0
1 0.215 0
0.9375 0.215 0
1.1875 0.23 0
1.125 0.225 0
1.1875 0.22 0
1.25 0.225 0
1.1875 0.225 0
1.0625 0.23 0
1.0625 0.22 0
1.0625 0.225 0
1.125 0.215 0
1.0625 0.215 0
1.25 0.215 0
1.1875 0.215 0
1.4375 0.23 0
1.375 0.225 0
1.4375 0.22 0
1.5 0.225 0
1.4375 0.225 0
1.3125 0.23 0
1.3125 0.22 0
1.3125 0.225 0
1.375 0.215 0
1.3125 0.215 0
1.5 0.215 0
1.4375 0.215 0
1.6875 0.23 0
1.625 0.225 0
1.6875 0.22 0
1.75 0.225 0
1.6875 0.225 0
1.5625 0.23 0
1.5625 0.22 0
1.5625 0.225 0
1.625 0.215 0
1.5625 0.215 0
1.75 0.215 0
1.6875 0.215 0
1.9375 0.23 0
1.875 0.225 0
1.9375 0.22 0
2 0.225 0
1.9375 0.225 0
1.8125 0.23 0
1.8125 0.22 0
1.8125 0.225 0
1.875 0.215 0
1.8125 0.215 0
2 0.215 0
1.9375 0.215 0
2.375 0.1 0
2.25 0.07500000000000001 0
2.375 0.05 0
2.375 0.07500000000000001 0
2.125 0.1 0
2.125 0.05 0
2.125 0.07500000000000001 0
2.25 0.025 0
2.125 0.025 0
2.375 0.025 0
2.25 0.3825 0
2.375 0.355 0
2.375 0.3825 0
2.125 0.355 0
2.125 0.3825 0
2.125 0.3 0
2.25 0.3275 0
2.125 0.3275 0
2.375 0.3 0
2.375 0.3275 0
2.375 0.19 0
2.25 0.185 0
2.375 0.18 0
2.375 0.185 0
2.125 0.19 0
2.125 0.18 0
2.125 0.185 0
2.125 0.17 0
2.25 0.175 0
2.125 0.175 0
2.375 0.17 0
2.375 0.175 0
2.375 0.21 0
2.25 0.205 0
2.375 0.2 0
2.375 0.205 0
2.125 0.21 0
2.125 0.2 0
2.125 0.205 0
2.25 0.195 0
2.125 0.195 0
2.375 0.195 0
2.375 0.23 0
2.25 0.225 0
2.375 0.22 0
2.375 0.225 0
2.125 0.23 0
2.125 0.22 0
2.125 0.225 0
2.25 0.215 0
2.125 0.215 0
2.375 0.215 0
0.3217855 0.14321425 0
0.311904625 0.134762 0
0.319642875 0.12535725 0
0.32952375 0.1338095 0
0.3207141875 0.13428575 0
0.3044045 0.14392875 0
0.2942855 0.1357145 0
0.301785625 0.12654775 0
0.3030950625000001 0.13523825 0
0.2914285 0.1185715 0
0.309523875 0.117143 0
0.3004761875 0.11785725 0
0.32761925 0.1157145 0
0.3185715625 0.11642875 0
0.315773625 0.163392875 0
0.323392625 0.156607125 0
0.33261875 0.16321425 0
0.3241961875 0.1633035625 0
0.2989285 0.1635715 0
0.306368875 0.156964375 0
0.3073510625 0.1634821875 0
0.2967855 0.1507145 0
0.313987875 0.150178625 0
0.3053866875 0.1504465625 0
0.33119025 0.14964275 0
0.3225890625000001 0.1499106875 0
0.3565475 0.141786 0
0.34714275 0.13285725 0
0.355357 0.12297625 0
0.36476175 0.131905 0
0.35595225 0.132381125 0
0.3391665 0.1425 0
0.3375 0.12416675 0
0.33833325 0.133333375 0
0.34571425 0.11428575 0
0.33666675 0.115000125 0
0.36380925 0.112857 0
0.35476175 0.113571375 0
0.34946425 0.16303575 0
0.3574405 0.155893 0
0.36630975 0.16285725 0
0.357887 0.1629465 0
0.3404165 0.15625 0
0.3410415 0.163125 0
0.34839275 0.14910725 0
0.3397915 0.149375 0
0.36559525 0.14857175 0
0.356994 0.1488395 0
0.3913095 0.14035725 0
0.3823808750000001 0.1309525 0
0.3910713750000001 0.12059525 0
0.4 0.13 0
0.3911904375 0.13047625 0
0.3739285 0.14107175 0
0.3732141250000001 0.12178575 0
0.3735713125 0.13142875 0
0.3819046250000001 0.1114285 0
0.3728569375 0.11214275 0
0.4 0.11 0
0.3909523125 0.11071425 0
0.383154875 0.162678625 0
0.391488125 0.155178625 0
0.4 0.1625 0
0.3915774375000001 0.1625893125 0
0.374464375 0.155535875 0
0.3747323124999999 0.1627679375 0
0.382797625 0.148035875 0
0.3741964375 0.1483038125 0
0.4 0.1475 0
0.3913988125000001 0.1477679375 0
0.4249997500000001 0.14 0
0.4166665000000001 0.13 0
0.4249997500000001 0.12 0
0.433333 0.13 0
0.4249997500000001 0.13 0
0.4083332500000001 0.14 0
0.4083332500000001 0.12 0
0.4083332500000001 0.13 0
0.4166665000000001 0.11 0
0.4083332500000001 0.11 0
0.433333 0.11 0
0.4249997500000001 0.11 0
0.4166665000000001 0.1625 0
0.4249997500000001 0.155 0
0.433333 0.1625 0
0.4249997500000001 0.1625 0
0.4083332500000001 0.155 0
0.4083332500000001 0.1625 0
0.4166665000000001 0.1475 0
0.4083332500000001 0.1475 0
0.433333 0.1475 0
0.4249997500000001 0.1475 0
0.4583335 0.14 0
0.45 0.13 0
0.4583335 0.12 0
0.466667 0.13 0
0.4583335 0.13 0
0.4416665 0.14 0
0.4416665 0.12 0
0.4416665 0.13 0
0.45 0.11 0
0.4416665 0.11 0
0.466667 0.11 0
0.4583335 0.11 0
0.45 0.1625 0
0.4583335 0.155 0
0.466667 0.1625 0
0.4583335 0.1625 0
0.4416665 0.155 0
0.4416665 0.1625 0
0.45 0.1475 0
0.4416665 0.1475 0
0.466667 0.1475 0
0.4583335 0.1475 0
0.49166675 0.14 0
0.4833335 0.13 0
0.49166675 0.12 0
0.5 0.13 0
0.49166675 0.13 0
0.47500025 0.14 0
0.47500025 0.12 0
0.47500025 0.13 0
0.4833335 0.11 0
0.47500025 0.11 0
0.5 0.11 0
0.49166675 0.11 0
0.4833335 0.1625 0
0.49166675 0.155 0
0.5 0.1625 0
0.49166675 0.1625 0
0.47500025 0.155 0
0.47500025 0.1625 0
0.4833335 0.1475 0
0.47500025 0.1475 0
0.5 0.1475 0
0.49166675 0.1475 0
0.5249997499999999 0.14 0
0.5166664999999999 0.13 0
0.5249997499999999 0.12 0
0.5333329999999999 0.13 0
0.5249997499999999 0.13 0
0.50833325 0.14 0
0.50833325 0.12 0
0.50833325 0.13 0
0.5166664999999999 0.11 0
0.50833325 0.11 0
0.5333329999999999 0.11 0
0.5249997499999999 0.11 0
0.5166664999999999 0.1625 0
0.5249997499999999 0.155 0
0.5333329999999999 0.1625 0
0.5249997499999999 0.1625 0
0.50833325 0.155 0
0.50833325 0.1625 0
0.5166664999999999 0.1475 0
0.50833325 0.1475 0
0.5333329999999999 0.1475 0
0.5249997499999999 0.1475 0
0.5583335 0.14 0
0.55 0.13 0
0.5583335 0.12 0
0.566667 0.13 0
0.5583335 0.13 0
0.5416665000000001 0.14 0
0.5416665000000001 0.12 0
0.5416665000000001 0.13 0
0.55 0.11 0
0.5416665000000001 0.11 0
0.566667 0.11 0
0.5583335 0.11 0
0.55 0.1625 0
0.5583335 0.155 0
0.566667 0.1625 0
0.5583335 0.1625 0
0.5416665000000001 0.155 0
0.5416665000000001 0.1625 0
0.55 0.1475 0
0.5416665000000001 0.1475 0
0.566667 0.1475 0
0.5583335 0.1475 0
0.5916667499999999 0.14 0
0.5833334999999999 0.13 0
0.5916667499999999 0.12 0
0.6 0.13 0
0.5916667499999999 0.13 0
0.57500025 0.14 0
0.57500025 0.12 0
0.57500025 0.13 0
0.5833334999999999 0.11 0
0.57500025 0.11 0
0.6 0.11 0
0.5916667499999999 0.11 0
0.5833334999999999 0.1625 0
0.5916667499999999 0.155 0
0.6 0.1625 0
0.5916667499999999 0.1625 0
0.57500025 0.155 0
0.57500025 0.1625 0
0.5833334999999999 0.1475 0
0.57500025 0.1475 0
0.6 0.1475 0
0.5916667499999999 0.1475 0
0.6225000000000001 0.14 0
0.615 0.13 0
0.6225000000000001 0.12 0
0.63 0.13 0
0.6225000000000001 0.13 0
0.6074999999999999 0.14 0
0.6074999999999999 0.12 0
0.6074999999999999 0.13 0
0.615 0.11 0
0.6074999999999999 0.11 0
0.63 0.11 0
0.6225000000000001 0.11 0
0.615 0.1625 0
0.6225000000000001 0.155 0
0.63 0.1625 0
0.6225000000000001 0.1625 0
0.6074999999999999 0.155 0
0.6074999999999999 0.1625 0
0.615 0.1475 0
0.6074999999999999 0.1475 0
0.63 0.1475 0
0.6225000000000001 0.1475 0
0.72 0.14 0
0.6899999999999999 0.13 0
0.72 0.12 0
0.75 0.13 0
0.72 0.13 0
0.6599999999999999 0.14 0
0.6599999999999999 0.12 0
0.6599999999999999 0.13 0
0.6899999999999999 0.11 0
0.6599999999999999 0.11 0
0.75 0.11 0
0.72 0.11 0
0.6899999999999999 0.1625 0
0.72 0.155 0
0.75 0.1625 0
0.72 0.1625 0
0.6599999999999999 0.155 0
0.6599999999999999 0.1625 0
0.6899999999999999 0.1475 0
0.6599999999999999 0.1475 0
0.75 0.1475 0
0.72 0.1475 0
0.9375 0.14 0
0.875 0.13 0
0.9375 0.12 0
1 0.13 0
0.9375 0.13 0
0.8125 0.14 0
0.8125 0.12 0
0.8125 0.13 0
0.875 0.11 0
0.8125 0.11 0
1 0.11 0
0.9375 0.11 0
0.875 0.1625 0
0.9375 0.155 0
1 0.1625 0
0.9375 0.1625 0
0.8125 0.155 0
0.8125 0.1625 0
0.875 0.1475 0
0.8125 0.1475 0
1 0.1475 0
0.9375 0.1475 0
1.1875 0.14 0
1.125 0.13 0
1.1875 0.12 0
1.25 0.13 0
1.1875 0.13 0
1.0625 0.14 0
1.0625 0.12 0
1.0625 0.13 0
1.125 0.11 0
1.0625 0.11 0
1.25 0.11 0
1.1875 0.11 0
1.125 0.1625 0
1.1875 0.155 0
1.25 0.1625 0
1.1875 0.1625 0
1.0625 0.155 0
1.0625 0.1625 0
1.125 0.1475 0
1.0625 0.1475 0
1.25 0.1475 0
1.1875 0.1475 0
1.4375 0.14 0
1.375 0.13 0
1.4375 0.12 0
1.5 0.13 0
1.4375 0.13 0
1.3125 0.14 0
1.3125 0.12 0
1.3125 0.13 0
1.375 0.11 0
1.3125 0.11 0
1.5 0.11 0
1.4375 0.11 0
1.375 0.1625 0
1.4375 0.155 0
1.5 0.1625 0
1.4375 0.1625 0
1.3125 0.155 0
1.3125 0.1625 0
1.375 0.1475 0
1.3125 0.1475 0
1.5 0.1475 0
1.4375 0.1475 0
1.6875 0.14 0
1.625 0.13 0
1.6875 0.12 0
1.75 0.13 0
1.6875 0.13 0
1.5625 0.14 0
1.5625 0.12 0
1.5625 0.13 0
1.625 0.11 0
1.5625 0.11 0
1.75 0.11 0
1.6875 0.11 0
1.625 0.1625 0
1.6875 0.155 0
1.75 0.1625 0
1.6875 0.1625 0
1.5625 0.155 0
1.5625 0.1625 0
1.625 0.1475 0
1.5625 0.1475 0
1.75 0.1475 0
1.6875 0.1475 0
1.9375 0.14 0
1.875 0.13 0
1.9375 0.12 0
2 0.13 0
1.9375 0.13 0
1.8125 0.14 0
1.8125 0.12 0
1.8125 0.13 0
1.875 0.11 0
1.8125 0.11 0
2 0.11 0
1.9375 0.11 0
1.875 0.1625 0
1.9375 0.155 0
2 0.1625 0
1.9375 0.1625 0
1.8125 0.155 0
1.8125 0.1625 0
1.875 0.1475 0
1.8125 0.1475 0
2 0.1475 0
1.9375 0.1475 0
2.375 0.14 0
2.25 0.13 0
2.375 0.12 0
2.375 0.13 0
2.125 0.14 0
2.125 0.12 0
2.125 0.13 0
2.25 0.11 0
2.125 0.11 0
2.375 0.11 0
2.25 0.1625 0
2.375 0.155 0
2.375 0.1625 0
2.125 0.155 0
2.125 0.1625 0
2.25 0.1475 0
2.125 0.1475 0
2.375 0.1475 0
0.3217855 0.25678575 0
0.3139878749999999 0.249821375 0
0.3233926249999999 0.243392875 0
0.33119025 0.25035725 0
0.3225890625 0.2500893125 0
0.3044045 0.25607125 0
0.2967855 0.2492855 0
0.3063688749999999 0.243035625 0
0.3053866874999999 0.2495534375 0
0.2989285 0.2364285 0
0.3157736249999999 0.236607125 0
0.3073510625 0.2365178125 0
0.33261875 0.23678575 0
0.3241961874999999 0.2366964375 0
0.309523875 0.282857 0
0.319642875 0.27464275 0
0.32761925 0.2842855 0
0.3185715625 0.28357125 0
0.2914285 0.2814285 0
0.301785625 0.27345225 0
0.3004761875 0.28214275 0
0.2942855 0.2642855 0
0.311904625 0.265238 0
0.3030950625000001 0.26476175 0
0.32952375 0.2661905 0
0.3207141875 0.2657142499999999 0
0.3565475 0.258214 0
0.34839275 0.25089275 0
0.3574405 0.244107 0
0.36559525 0.25142825 0
0.356994 0.2511605 0
0.3391665 0.2575 0
0.3404165 0.24375 0
0.3397915 0.250625 0
0.34946425 0.23696425 0
0.3410415 0.236875 0
0.36630975 0.23714275 0
0.357887 0.2370535 0
0.34571425 0.28571425 0
0.355357 0.27702375 0
0.36380925 0.287143 0
0.35476175 0.286428625 0
0.3375 0.27583325 0
0.33666675 0.284999875 0
0.34714275 0.26714275 0
0.33833325 0.2666666249999999 0
0.36476175 0.268095 0
0.35595225 0.2676188749999999 0
0.3913095 0.25964275 0
0.382797625 0.251964125 0
0.391488125 0.244821375 0
0.4 0.2525 0
0.3913988125000001 0.2522320625 0
0.3739285 0.25892825 0
0.374464375 0.244464125 0
0.3741964375000001 0.2516961875 0
0.383154875 0.237321375 0
0.3747323125000001 0.2372320625 0
0.4 0.2375 0
0.3915774375000001 0.2374106875 0
0.3819046250000001 0.2885715 0
0.3910713750000001 0.27940475 0
0.4 0.29 0
0.3909523125 0.28928575 0
0.3732141250000001 0.27821425 0
0.3728569375 0.28785725 0
0.3823808750000001 0.2690475 0
0.3735713125 0.26857125 0
0.4 0.27 0
0.3911904375 0.26952375 0
0.4249997500000001 0.26 0
0.4166665000000001 0.2525 0
0.4249997500000001 0.245 0
0.433333 0.2525 0
0.4249997500000001 0.2525 0
0.4083332500000001 0.26 0
0.4083332500000001 0.245 0
0.4083332500000001 0.2525 0
0.4166665000000001 0.2375 0
0.4083332500000001 0.2375 0
0.433333 0.2375 0
0.4249997500000001 0.2375 0
0.4166665000000001 0.29 0
0.4249997500000001 0.28 0
0.433333 0.29 0
0.4249997500000001 0.29 0
0.4083332500000001 0.28 0
0.4083332500000001 0.29 0
0.4166665000000001 0.27 0
0.4083332500000001 0.27 0
0.433333 0.27 0
0.4249997500000001 0.27 0
0.4583335 0.26 0
0.45 0.2525 0
0.4583335 0.245 0
0.466667 0.2525 0
0.4583335 0.2525 0
0.4416665 0.26 0
0.4416665 0.245 0
0.4416665 0.2525 0
0.45 0.2375 0
0.4416665 0.2375 0
0.466667 0.2375 0
0.4583335 0.2375 0
0.45 0.29 0
0.4583335 0.28 0
0.466667 0.29 0
0.4583335 0.29 0
0.4416665 0.28 0
0.4416665 0.29 0
0.45 0.27 0
0.4416665 0.27 0
0.466667 0.27 0
0.4583335 0.27 0
0.49166675 0.26 0
0.4833335 0.2525 0
0.49166675 0.245 0
0.5 0.2525 0
0.49166675 0.2525 0
0.47500025 0.26 0
0.47500025 0.245 0
0.47500025 0.2525 0
0.4833335 0.2375 0
0.47500025 0.2375 0
0.5 0.2375 0
0.49166675 0.2375 0
0.4833335 0.29 0
0.49166675 0.28 0
0.5 0.29 0
0.49166675 0.29 0
0.47500025 0.28 0
0.47500025 0.29 0
0.4833335 0.27 0
0.47500025 0.27 0
0.5 0.27 0
0.49166675 0.27 0
0.5249997499999999 0.26 0
0.5166664999999999 0.2525 0
0.5249997499999999 0.245 0
0.5333329999999999 0.2525 0
0.5249997499999999 0.2525 0
0.50833325 0.26 0
0.50833325 0.245 0
0.50833325 0.2525 0
0.5166664999999999 0.2375 0
0.50833325 0.2375 0
0.5333329999999999 0.2375 0
0.5249997499999999 0.2375 0
0.5166664999999999 0.29 0
0.5249997499999999 0.28 0
0.5333329999999999 0.29 0
0.5249997499999999 0.29 0
0.50833325 0.28 0
0.50833325 0.29 0
0.5166664999999999 0.27 0
0.50833325 0.27 0
0.5333329999999999 0.27 0
0.5249997499999999 0.27 0
0.5583335 0.26 0
0.55 0.2525 0
0.5583335 0.245 0
0.566667 0.2525 0
0.5583335 0.2525 0
0.5416665000000001 0.26 0
0.5416665000000001 0.245 0
0.5416665000000001 0.2525 0
0.55 0.2375 0
0.5416665000000001 0.2375 0
0.566667 0.2375 0
0.5583335 0.2375 0
0.55 0.29 0
0.5583335 0.28 0
0.566667 0.29 0
0.5583335 0.29 0
0.5416665000000001 0.28 0
0.5416665000000001 0.29 0
0.55 0.27 0
0.5416665000000001 0.27 0
0.566667 0.27 0
0.5583335 0.27 0
0.5916667499999999 0.26 0
0.5833334999999999 0.2525 0
0.5916667499999999 0.245 0
0.6 0.2525 0
0.5916667499999999 0.2525 0
0.57500025 0.26 0
0.57500025 0.245 0
0.57500025 0.2525 0
0.5833334999999999 0.2375 0
0.57500025 0.2375 0
0.6 0.2375 0
0.5916667499999999 0.2375 0
0.5833334999999999 0.29 0
0.5916667499999999 0.28 0
0.6 0.29 0
0.5916667499999999 0.29 0
0.57500025 0.28 0
0.57500025 0.29 0
0.5833334999999999 0.27 0
0.57500025 0.27 0
0.6 0.27 0
0.5916667499999999 0.27 0
0.6225000000000001 0.26 0
0.615 0.2525 0
0.6225000000000001 0.245 0
0.63 0.2525 0
0.6225000000000001 0.2525 0
0.6074999999999999 0.26 0
0.6074999999999999 0.245 0
0.6074999999999999 0.2525 0
0.615 0.2375 0
0.6074999999999999 0.2375 0
0.63 0.2375 0
0.6225000000000001 0.2375 0
0.615 0.29 0
0.6225000000000001 0.28 0
0.63 0.29 0
0.6225000000000001 0.29 0
0.6074999999999999 0.28 0
0.6074999999999999 0.29 0
0.615 0.27 0
0.6074999999999999 0.27 0
0.63 0.27 0
0.6225000000000001 0.27 0
0.72 0.26 0
0.6899999999999999 0.2525 0
0.72 0.245 0
0.75 0.2525 0
0.72 0.2525 0
0.6599999999999999 0.26 0
0.6599999999999999 0.245 0
0.6599999999999999 0.2525 0
0.6899999999999999 0.2375 0
0.6599999999999999 0.2375 0
0.75 0.2375 0
0.72 0.2375 0
0.6899999999999999 0.29 0
0.72 0.28 0
0.75 0.29 0
0.72 0.29 0
0.6599999999999999 0.28 0
0.6599999999999999 0.29 0
0.6899999999999999 0.27 0
0.6599999999999999 0.27 0
0.75 0.27 0
0.72 0.27 0
0.9375 0.26 0
0.875 0.2525 0
0.9375 0.245 0
1 0.2525 0
0.9375 0.2525 0
0.8125 0.26 0
0.8125 0.245 0
0.8125 0.2525 0
0.875 0.2375 0
0.8125 0.2375 0
1 0.2375 0
0.9375 0.2375 0
0.875 0.29 0
0.9375 0.28 0
1 0.29 0
0.9375 0.29 0
0.8125 0.28 0
0.8125 0.29 0
0.875 0.27 0
0.8125 0.27 0
1 0.27 0
0.9375 0.27 0
1.1875 0.26 0
1.125 0.2525 0
1.1875 0.245 0
1.25 0.2525 0
1.1875 0.2525 0
1.0625 0.26 0
1.0625 0.245 0
1.0625 0.2525 0
1.125 0.2375 0
1.0625 0.2375 0
1.25 0.2375 0
1.1875 0.2375 0
1.125 0.29 0
1.1875 0.28 0
1.25 0.29 0
1.1875 0.29 0
1.0625 0.28 0
1.0625 0.29 0
1.125 0.27 0
1.0625 0.27 0
1.25 0.27 0
1.1875 0.27 0
1.4375 0.26 0
1.375 0.2525 0
1.4375 0.245 0
1.5 0.2525 0
1.4375 0.2525 0
1.3125 0.26 0
1.3125 0.245 0
1.3125 0.2525 0
1.375 0.2375 0
1.3125 0.2375 0
1.5 0.2375 0
1.4375 0.2375 0
1.375 0.29 0
1.4375 0.28 0
1.5 0.29 0
1.4375 0.29 0
1.3125 0.28 0
1.3125 0.29 0
1.375 0.27 0
1.3125 0.27 0
1.5 0.27 0
1.4375 0.27 0
1.6875 0.26 0
1.625 0.2525 0
1.6875 0.245 0
1.75 0.2525 0
1.6875 0.2525 0
1.5625 0.26 0
1.5625 0.245 0
1.5625 0.2525 0
1.625 0.2375 0
1.5625 0.2375 0
1.75 0.2375 0
1.6875 0.2375 0
1.625 0.29 0
1.6875 0.28 0
1.75 0.29 0
1.6875 0.29 0
1.5625 0.28 0
1.5625 0.29 0
1.625 0.27 0
1.5625 0.27 0
1.75 0.27 0
1.6875 0.27 0
1.9375 0.26 0
1.875 0.2525 0
1.9375 0.245 0
2 0.2525 0
1.9375 0.2525 0
1.8125 0.26 0
1.8125 0.245 0
1.8125 0.2525 0
1.875 0.2375 0
1.8125 0.2375 0
2 0.2375 0
1.9375 0.2375 0
1.875 0.29 0
1.9375 0.28 0
2 0.29 0
1.9375 0.29 0
1.8125 0.28 0
1.8125 0.29 0
1.875 0.27 0
1.8125 0.27 0
2 0.27 0
1.9375 0.27 0
2.375 0.26 0
2.25 0.2525 0
2.375 0.245 0
2.375 0.2525 0
2.125 0.26 0
2.125 0.245 0
2.125 0.2525 0
2.25 0.2375 0
2.125 0.2375 0
2.375 0.2375 0
2.25 0.29 0
2.375 0.28 0
2.375 0.29 0
2.125 0.28 0
2.125 0.29 0
2.25 0.27 0
2.125 0.27 0
2.375 0.27 0
0.11875 0.2 0
0.1153125 0.1809375 0
0.1246875 0.1653125 0
0.128125 0.184375 0
0.12171875 0.18265625 0
0.10625 0.2 0
0.1115625 0.1584375 0
0.10890625 0.17921875 0
0.116875 0.116875 0
0.1209375 0.1428125 0
0.11421875 0.13765625 0
0.130625 0.130625 0
0.134375 0.153125 0
0.12765625 0.14796875 0
0.14375 0.2 0
0.1409375 0.1878125 0
0.1509375 0.1790625 0
0.14734375 0.18953125 0
0.13125 0.2 0
0.1378125 0.1721875 0
0.13453125 0.18609375 0
0.144375 0.144375 0
0.1478125 0.1634375 0
0.14109375 0.15828125 0
0.158125 0.158125 0
0.15453125 0.16859375 0
0.184375 0.128125 0
0.1653125 0.1246875 0
0.1809375 0.1153125 0
0.2 0.11875 0
0.18265625 0.12171875 0
0.153125 0.134375 0
0.1428125 0.1209375 0
0.14796875 0.12765625 0
0.1584375 0.1115625 0
0.13765625 0.11421875 0
0.2 0.10625 0
0.17921875 0.10890625 0
0.1790625 0.1509375 0
0.1878125 0.1409375 0
0.2 0.14375 0
0.18953125 0.14734375 0
0.1634375 0.1478125 0
0.16859375 0.15453125 0
0.1721875 0.1378125 0
0.15828125 0.14109375 0
0.2 0.13125 0
0.18609375 0.13453125 0
0.245 0.1325 0
0.23375 0.12375 0
0.25625 0.12 0
0.2675 0.12875 0
0.250625 0.12625 0
0.215 0.1275 0
0.21875 0.115 0
0.216875 0.12125 0
0.24125 0.11125 0
0.220625 0.10875 0
0.2825 0.11625 0
0.261875 0.11375 0
0.21875 0.14875 0
0.23375 0.145 0
0.2375 0.15375 0
0.228125 0.15125 0
0.21125 0.14 0
0.209375 0.14625 0
0.22625 0.13625 0
0.213125 0.13375 0
0.2525 0.14125 0
0.239375 0.13875 0
0.2675 0.27125 0
0.25625 0.28 0
0.23375 0.27625 0
0.245 0.2675 0
0.250625 0.27375 0
0.2825 0.28375 0
0.24125 0.28875 0
0.261875 0.28625 0
0.2 0.29375 0
0.21875 0.285 0
0.220625 0.2912499999999999 0
0.2 0.28125 0
0.215 0.2725 0
0.216875 0.27875 0
0.2375 0.24625 0
0.23375 0.255 0
0.21875 0.25125 0
0.228125 0.24875 0
0.2525 0.25875 0
0.22625 0.26375 0
0.239375 0.26125 0
0.2 0.26875 0
0.21125 0.26 0
0.213125 0.26625 0
0.2 0.25625 0
0.209375 0.25375 0
0.1809375 0.2846875 0
0.1653125 0.2753125 0
0.184375 0.271875 0
0.18265625 0.27828125 0
0.1584375 0.2884375 0
0.17921875 0.29109375 0
0.116875 0.283125 0
0.1428125 0.2790625 0
0.13765625 0.28578125 0
0.130625 0.269375 0
0.153125 0.265625 0
0.14796875 0.27234375 0
0.1878125 0.2590625 0
0.1790625 0.2490625 0
0.18953125 0.25265625 0
0.1721875 0.2621875 0
0.18609375 0.26546875 0
0.144375 0.255625 0
0.1634375 0.2521875 0
0.15828125 0.25890625 0
0.158125 0.241875 0
0.16859375 0.24546875 0
0.1209375 0.2571875 0
0.1246875 0.2346875 0
0.134375 0.246875 0
0.12765625 0.25203125 0
0.1115625 0.2415625 0
0.11421875 0.26234375 0
0.1153125 0.2190625 0
0.10890625 0.22078125 0
0.128125 0.215625 0
0.12171875 0.21734375 0
0.1478125 0.2365625 0
0.1509375 0.2209375 0
0.15453125 0.23140625 0
0.1378125 0.2278125 0
0.14109375 0.24171875 0
0.1409375 0.2121875 0
0.13453125 0.21390625 0
0.14734375 0.21046875 0
0.27337125 0.185 0
0.279185625 0.18 0
0.286685625 0.185 0
0.28087125 0.19 0
0.2800284375000001 0.185 0
0.27112375 0.175 0
0.2775 0.17 0
0.285561875 0.175 0
0.2783428125 0.175 0
0.2925 0.17 0
0.293061875 0.18 0
0.2927809375 0.175 0
0.29362375 0.19 0
0.2933428125 0.185 0
0.251433125 0.18 0
0.260056875 0.185 0
0.25536625 0.19 0
0.2533996875 0.185 0
0.2475 0.17 0
0.256685625 0.175 0
0.2494665625 0.175 0
0.2625 0.17 0
0.265309375 0.18 0
0.2639046875 0.175 0
0.26811875 0.19 0
0.2667140625 0.185 0
0.2667855 0.24125 0
0.275357 0.23883925 0
0.2817855 0.24526775 0
0.273214 0.2476785 0
0.2742855 0.243258875 0
0.2689285 0.23375 0
0.2775 0.23 0
0.2839285 0.23508925 0
0.2764285000000001 0.234419625 0
0.2925 0.23 0
0.290357 0.24151775 0
0.2914285 0.235758875 0
0.288214 0.2530355 0
0.2892855 0.247276625 0
0.245357 0.23348225 0
0.2517855 0.23723225 0
0.243214 0.2369645 0
0.2442855 0.235223375 0
0.2475 0.23 0
0.2539285 0.23241075 0
0.2464285 0.231741125 0
0.2625 0.23 0
0.260357 0.23616075 0
0.2614285 0.233080375 0
0.258214 0.2423215 0
0.2592855 0.239241125 0
0.2614285 0.26 0
0.270357 0.25946425 0
0.2764285 0.27071425 0
0.2689285 0.265357125 0
0.2642855 0.25 0
0.2792855 0.25714275 0
0.2717855 0.253571375 0
0.285357 0.26839275 0
0.2867855 0.260714125 0
0.2839284999999999 0.276071375 0
0.240357 0.24160725 0
0.2464285 0.24928575 0
0.2389285 0.243928625 0
0.2492855 0.24285725 0
0.2417855 0.239285875 0
0.255357 0.25053575 0
0.2567855 0.246428625 0
0.2539285 0.2546428749999999 0
0.2689285 0.16625 0
0.275357 0.16116075 0
0.2839285 0.16491075 0
0.2764285 0.165580375 0
0.2667855 0.15875 0
0.273214 0.1523215 0
0.2817855 0.15473225 0
0.2742855 0.156741125 0
0.288214 0.1469645 0
0.290357 0.15848225 0
0.2892855 0.152723375 0
0.2914285 0.164241125 0
0.245357 0.16651775 0
0.2539285 0.16758925 0
0.2464285 0.168258875 0
0.243214 0.1630355 0
0.2517855 0.16276775 0
0.2442855 0.164776625 0
0.258214 0.1576785 0
0.260357 0.16383925 0
0.2592855 0.160758875 0
0.2614285 0.166919625 0
0.27112375 0.225 0
0.279185625 0.22 0
0.285561875 0.225 0
0.2783428125 0.225 0
0.27337125 0.215 0
0.28087125 0.21 0
0.286685625 0.215 0
0.2800284375000001 0.215 0
0.29362375 0.21 0
0.293061875 0.22 0
0.2933428125 0.215 0
0.2927809375 0.225 0
0.251433125 0.22 0
0.256685625 0.225 0
0.2494665625 0.225 0
0.25536625 0.21 0
0.260056875 0.215 0
0.2533996875 0.215 0
0.26811875 0.21 0
0.265309375 0.22 0
0.2667140625 0.215 0
0.2639046875 0.225 0
0.2642855 0.15 0
0.270357 0.14053575 0
0.2792855 0.14285725 0
0.2717855 0.146428625 0
0.2614285 0.14 0
0.2764285 0.12928575 0
0.2689285 0.134642875 0
0.285357 0.13160725 0
0.2839285 0.123928625 0
0.2867854999999999 0.139285875 0
0.240357 0.15839275 0
0.2492855 0.15714275 0
0.2417855 0.160714125 0
0.2464285 0.15071425 0
0.2389285 0.156071375 0
0.255357 0.14946425 0
0.2539285 0.145357125 0
0.2567855 0.153571375 0
2 2 0 129
2996
2997
2998
2999
3000
3001
3002
3003
3004
3005
3006
3007
3008
3009
3010
3011
3012
3013
3014
3015
3016
3017
3018
3019
3020
3021
3022
3023
3024
3025
3026
3027
3028
3029
3030
3031
3032
3033
3034
3035
3036
3037
3038
3039
3040
3041
3042
3043
3044
3045
3046
3047
3048
3049
3050
3051
3052
3053
3054
3055
3056
3057
3058
3059
3060
3061
3062
3063
3064
3065
3066
3067
3068
3069
3070
3071
3072
3073
3074
3075
3076
3077
3078
3079
3080
3081
3082
3083
3084
3085
3086
3087
3088
3089
3090
3091
3092
3093
3094
3095
3096
3097
3098
3099
3100
3101
3102
3103
3104
3105
3106
3107
3108
3109
3110
3111
3112
3113
3114
3115
3116
3117
3118
3119
3120
3121
3122
3123
3124
0.3 0.2 0
0.333333 0.2 0
0.3166665 0.2 0
0.366667 0.2 0
0.35 0.2 0
0.4 0.2 0
0.3833335 0.2 0
0.433333 0.2 0
0.4166665000000001 0.2 0
0.466667 0.2 0
0.45 0.2 0
0.5 0.2 0
0.4833335 0.2 0
0.5333329999999999 0.2 0
0.5166664999999999 0.2 0
0.566667 0.2 0
0.55 0.2 0
0.5833334999999999 0.2 0
0.274495 0.2 0
0.2872475 0.2 0
0.2617425 0.2 0
0.3166665 0.205 0
0.32499975 0.2 0
0.333333 0.205 0
0.32499975 0.205 0
0.3 0.205 0
0.30833325 0.2 0
0.30833325 0.205 0
0.3 0.195 0
0.3166665 0.195 0
0.30833325 0.195 0
0.333333 0.195 0
0.32499975 0.195 0
0.35 0.205 0
0.3583335 0.2 0
0.366667 0.205 0
0.3583335 0.205 0
0.3416665 0.2 0
0.3416665 0.205 0
0.35 0.195 0
0.3416665 0.195 0
0.366667 0.195 0
0.3583335 0.195 0
0.3833335 0.205 0
0.39166675 0.2 0
0.4 0.205 0
0.3916667500000001 0.205 0
0.37500025 0.2 0
0.37500025 0.205 0
0.3833335 0.195 0
0.37500025 0.195 0
0.4 0.195 0
0.3916667500000001 0.195 0
0.4166665000000001 0.205 0
0.4249997500000001 0.2 0
0.433333 0.205 0
0.4249997500000001 0.205 0
0.4083332500000001 0.2 0
0.4083332500000001 0.205 0
0.4166665000000001 0.195 0
0.4083332500000001 0.195 0
0.433333 0.195 0
0.4249997500000001 0.195 0
0.45 0.205 0
0.4583335 0.2 0
0.466667 0.205 0
0.4583335 0.205 0
0.4416665 0.2 0
0.4416665 0.205 0
0.45 0.195 0
0.4416665 0.195 0
0.466667 0.195 0
0.4583335 0.195 0
0.4833335 0.205 0
0.49166675 0.2 0
0.5 0.205 0
0.49166675 0.205 0
0.47500025 0.2 0
0.47500025 0.205 0
0.4833335 0.195 0
0.47500025 0.195 0
0.5 0.195 0
0.49166675 0.195 0
0.5166664999999999 0.205 0
0.5249997499999999 0.2 0
0.5333329999999999 0.205 0
0.5249997499999999 0.205 0
0.50833325 0.2 0
0.50833325 0.205 0
0.5166664999999999 0.195 0
0.50833325 0.195 0
0.5333329999999999 0.195 0
0.5249997499999999 0.195 0
0.55 0.205 0
0.5583335 0.2 0
0.566667 0.205 0
0.5583335 0.205 0
0.5416665000000001 0.2 0
0.5416665000000001 0.205 0
0.55 0.195 0
0.5416665000000001 0.195 0
0.566667 0.195 0
0.5583335 0.195 0
0.5833334999999999 0.205 0
0.5916667499999999 0.2 0
0.5916667499999999 0.205 0
0.57500025 0.2 0
0.57500025 0.205 0
0.5833334999999999 0.195 0
0.57500025 0.195 0
0.5916667499999999 0.195 0
0.274495 0.205 0
0.28087125 0.2 0
0.2872475 0.205 0
0.28087125 0.205 0
0.274495 0.195 0
0.2872475 0.195 0
0.28087125 0.195 0
0.29362375 0.2 0
0.29362375 0.195 0
0.29362375 0.205 0
0.25536625 0.2 0
0.2617425 0.205 0
0.25536625 0.205 0
0.2617425 0.195 0
0.25536625 0.195 0
0.26811875 0.2 0
0.26811875 0.195 0
0.26811875 0.205 0
$EndNodes
$Elements
6 3240 1 3240
1 2 1 36
1 11 2 
2 2 20 
3 20 3 
4 3 30 
5 29 4 
6 4 28 
7 28 5 
8 5 31 
9 35 6 
10 6 27 
11 27 7 
12 7 36 
13 34 8 
14 8 26 
15 26 9 
16 9 35 
17 33 10 
18 10 25 
19 25 1 
20 1 34 
21 37 12 
22 12 24 
23 24 13 
24 13 11 
25 36 14 
26 14 23 
27 23 15 
28 15 37 
29 32 16 
30 16 22 
31 22 17 
32 17 33 
33 31 18 
34 18 21 
35 21 19 
36 19 32 
1 3 1 160
37 196 108 
38 108 118 
39 118 59 
40 59 158 
41 195 60 
42 60 157 
43 157 61 
44 61 196 
45 194 62 
46 62 156 
47 156 63 
48 63 195 
49 175 64 
50 64 155 
51 155 65 
52 65 176 
53 176 66 
54 66 154 
55 154 67 
56 67 177 
57 177 58 
58 58 153 
59 153 69 
60 69 197 
61 193 70 
62 70 152 
63 152 71 
64 71 194 
65 192 72 
66 72 151 
67 151 73 
68 73 193 
69 191 74 
70 74 150 
71 150 75 
72 75 192 
73 174 76 
74 76 149 
75 149 77 
76 77 175 
77 173 48 
78 48 188 
79 188 39 
80 39 174 
81 172 40 
82 40 147 
83 147 41 
84 41 173 
85 190 42 
86 42 146 
87 146 43 
88 43 191 
89 189 44 
90 44 145 
91 145 45 
92 45 190 
93 148 46 
94 46 144 
95 144 47 
96 47 189 
97 187 38 
98 38 143 
99 143 49 
100 49 148 
101 186 50 
102 50 142 
103 142 51 
104 51 187 
105 185 52 
106 52 141 
107 141 53 
108 53 186 
109 171 54 
110 54 140 
111 140 55 
112 55 172 
113 170 56 
114 56 139 
115 139 57 
116 57 171 
117 169 68 
118 68 138 
119 138 99 
120 99 170 
121 168 100 
122 100 137 
123 137 101 
124 101 169 
125 167 102 
126 102 136 
127 136 103 
128 103 168 
129 166 104 
130 104 135 
131 135 105 
132 105 167 
133 184 106 
134 106 134 
135 134 107 
136 107 185 
137 183 98 
138 98 133 
139 133 109 
140 109 184 
141 182 110 
142 110 132 
143 132 111 
144 111 183 
145 181 112 
146 112 131 
147 131 113 
148 113 182 
149 180 114 
150 114 130 
151 130 115 
152 115 181 
153 179 116 
154 116 129 
155 129 117 
156 117 180 
157 178 88 
158 88 128 
159 128 79 
160 79 179 
161 165 80 
162 80 127 
163 127 81 
164 81 166 
165 164 82 
166 82 126 
167 126 83 
168 83 165 
169 163 84 
170 84 125 
171 125 85 
172 85 164 
173 162 86 
174 86 124 
175 124 87 
176 87 163 
177 161 78 
178 78 123 
179 123 89 
180 89 162 
181 160 90 
182 90 122 
183 122 91 
184 91 161 
185 159 92 
186 92 121 
187 121 93 
188 93 160 
189 30 94 
190 94 120 
191 120 95 
192 95 178 
193 29 96 
194 96 119 
195 119 97 
196 97 159 
1 4 1 40
197 209 199 
198 199 219 
199 219 200 
200 200 230 
201 238 201 
202 201 228 
203 228 202 
204 202 230 
205 237 203 
206 203 227 
207 227 204 
208 204 238 
209 235 205 
210 205 226 
211 226 206 
212 206 236 
213 236 207 
214 207 225 
215 225 208 
216 208 234 
217 234 198 
218 198 224 
219 224 210 
220 210 209 
221 231 211 
222 211 223 
223 223 212 
224 212 232 
225 235 213 
226 213 222 
227 222 214 
228 214 231 
229 233 215 
230 215 221 
231 221 216 
232 216 229 
233 229 217 
234 217 220 
235 220 218 
236 218 237 
1 5 1 12
237 239 244 
238 244 241 
239 241 245 
240 245 233 
241 240 246 
242 246 242 
243 242 247 
244 247 239 
245 232 248 
246 248 243 
247 243 249 
248 249 240 
2 1 3 2816
249 253 918 922 921 
250 918 407 919 922 
251 922 919 410 920 
252 921 922 920 409 
253 407 923 926 919 
254 923 250 924 926 
255 926 924 408 925 
256 919 926 925 410 
257 410 925 929 928 
258 925 408 927 929 
259 929 927 158 59 
260 928 929 59 118 
261 409 920 931 930 
262 920 410 928 931 
263 931 928 118 108 
264 930 931 108 196 
265 254 932 936 935 
266 932 411 933 936 
267 936 933 413 934 
268 935 936 934 412 
269 411 937 939 933 
270 937 253 921 939 
271 939 921 409 938 
272 933 939 938 413 
273 413 938 941 940 
274 938 409 930 941 
275 941 930 196 61 
276 940 941 61 157 
277 412 934 943 942 
278 934 413 940 943 
279 943 940 157 60 
280 942 943 60 195 
281 255 944 948 947 
282 944 414 945 948 
283 948 945 417 946 
284 947 948 946 416 
285 414 949 952 945 
286 949 251 950 952 
287 952 950 415 951 
288 945 952 951 417 
289 417 951 955 954 
290 951 415 953 955 
291 955 953 250 923 
292 954 955 923 407 
293 416 946 957 956 
294 946 417 954 957 
295 957 954 407 918 
296 956 957 918 253 
297 256 958 962 961 
298 958 418 959 962 
299 962 959 420 960 
300 961 962 960 419 
301 418 963 965 959 
302 963 254 935 965 
303 965 935 412 964 
304 959 965 964 420 
305 420 964 967 966 
306 964 412 942 967 
307 967 942 195 63 
308 966 967 63 156 
309 419 960 969 968 
310 960 420 966 969 
311 969 966 156 62 
312 968 969 62 194 
313 175 64 973 972 
314 64 155 970 973 
315 973 970 424 971 
316 972 973 971 423 
317 155 65 976 970 
318 65 176 974 976 
319 976 974 421 975 
320 970 976 975 424 
321 424 975 980 979 
322 975 421 977 980 
323 980 977 257 978 
324 979 980 978 422 
325 423 971 983 982 
326 971 424 979 983 
327 983 979 422 981 
328 982 983 981 258 
329 259 984 988 987 
330 984 425 985 988 
331 988 985 428 986 
332 987 988 986 427 
333 425 989 992 985 
334 989 252 990 992 
335 992 990 426 991 
336 985 992 991 428 
337 428 991 995 994 
338 991 426 993 995 
339 995 993 251 949 
340 994 995 949 414 
341 427 986 997 996 
342 986 428 994 997 
343 997 994 414 944 
344 996 997 944 255 
345 176 66 1000 974 
346 66 154 998 1000 
347 1000 998 431 999 
348 974 1000 999 421 
349 154 67 1003 998 
350 67 177 1001 1003 
351 1003 1001 429 1002 
352 998 1003 1002 431 
353 431 1002 1007 1006 
354 1002 429 1004 1007 
355 1007 1004 259 1005 
356 1006 1007 1005 430 
357 421 999 1009 977 
358 999 431 1006 1009 
359 1009 1006 430 1008 
360 977 1009 1008 257 
361 177 58 1012 1001 
362 58 153 1010 1012 
363 1012 1010 433 1011 
364 1001 1012 1011 429 
365 153 69 1015 1010 
366 69 197 1013 1015 
367 1015 1013 432 1014 
368 1010 1015 1014 433 
369 433 1014 1018 1017 
370 1014 432 1016 1018 
371 1018 1016 252 989 
372 1017 1018 989 425 
373 429 1011 1019 1004 
374 1011 433 1017 1019 
375 1019 1017 425 984 
376 1004 1019 984 259 
377 260 1020 1024 1023 
378 1020 434 1021 1024 
379 1024 1021 436 1022 
380 1023 1024 1022 435 
381 434 1025 1027 1021 
382 1025 256 961 1027 
383 1027 961 419 1026 
384 1021 1027 1026 436 
385 436 1026 1029 1028 
386 1026 419 968 1029 
387 1029 968 194 71 
388 1028 1029 71 152 
389 435 1022 1031 1030 
390 1022 436 1028 1031 
391 1031 1028 152 70 
392 1030 1031 70 193 
393 261 1032 1036 1035 
394 1032 437 1033 1036 
395 1036 1033 439 1034 
396 1035 1036 1034 438 
397 437 1037 1039 1033 
398 1037 260 1023 1039 
399 1039 1023 435 1038 
400 1033 1039 1038 439 
401 439 1038 1041 1040 
402 1038 435 1030 1041 
403 1041 1030 193 73 
404 1040 1041 73 151 
405 438 1034 1043 1042 
406 1034 439 1040 1043 
407 1043 1040 151 72 
408 1042 1043 72 192 
409 262 1044 1048 1047 
410 1044 440 1045 1048 
411 1048 1045 442 1046 
412 1047 1048 1046 441 
413 440 1049 1051 1045 
414 1049 261 1035 1051 
415 1051 1035 438 1050 
416 1045 1051 1050 442 
417 442 1050 1053 1052 
418 1050 438 1042 1053 
419 1053 1042 192 75 
420 1052 1053 75 150 
421 441 1046 1055 1054 
422 1046 442 1052 1055 
423 1055 1052 150 74 
424 1054 1055 74 191 
425 174 76 1059 1058 
426 76 149 1056 1059 
427 1059 1056 445 1057 
428 1058 1059 1057 444 
429 149 77 1061 1056 
430 77 175 972 1061 
431 1061 972 423 1060 
432 1056 1061 1060 445 
433 445 1060 1064 1063 
434 1060 423 982 1064 
435 1064 982 258 1062 
436 1063 1064 1062 443 
437 444 1057 1067 1066 
438 1057 445 1063 1067 
439 1067 1063 443 1065 
440 1066 1067 1065 263 
441 173 48 1071 1070 
442 48 188 1068 1071 
443 1071 1068 448 1069 
444 1070 1071 1069 447 
445 188 39 1073 1068 
446 39 174 1058 1073 
447 1073 1058 444 1072 
448 1068 1073 1072 448 
449 448 1072 1076 1075 
450 1072 444 1066 1076 
451 1076 1066 263 1074 
452 1075 1076 1074 446 
453 447 1069 1079 1078 
454 1069 448 1075 1079 
455 1079 1075 446 1077 
456 1078 1079 1077 264 
457 172 40 1083 1082 
458 40 147 1080 1083 
459 1083 1080 451 1081 
460 1082 1083 1081 450 
461 147 41 1085 1080 
462 41 173 1070 1085 
463 1085 1070 447 1084 
464 1080 1085 1084 451 
465 451 1084 1088 1087 
466 1084 447 1078 1088 
467 1088 1078 264 1086 
468 1087 1088 1086 449 
469 450 1081 1091 1090 
470 1081 451 1087 1091 
471 1091 1087 449 1089 
472 1090 1091 1089 265 
473 268 1092 1096 1095 
474 1092 452 1093 1096 
475 1096 1093 456 1094 
476 1095 1096 1094 455 
477 452 1097 1100 1093 
478 1097 269 1098 1100 
479 1100 1098 453 1099 
480 1093 1100 1099 456 
481 456 1099 1104 1103 
482 1099 453 1101 1104 
483 1104 1101 266 1102 
484 1103 1104 1102 454 
485 455 1094 1107 1106 
486 1094 456 1103 1107 
487 1107 1103 454 1105 
488 1106 1107 1105 267 
489 271 1108 1112 1111 
490 1108 457 1109 1112 
491 1112 1109 460 1110 
492 1111 1112 1110 459 
493 457 1113 1115 1109 
494 1113 268 1095 1115 
495 1115 1095 455 1114 
496 1109 1115 1114 460 
497 460 1114 1118 1117 
498 1114 455 1106 1118 
499 1118 1106 267 1116 
500 1117 1118 1116 458 
501 459 1110 1121 1120 
502 1110 460 1117 1121 
503 1121 1117 458 1119 
504 1120 1121 1119 270 
505 273 1122 1126 1125 
506 1122 461 1123 1126 
507 1126 1123 464 1124 
508 1125 1126 1124 463 
509 461 1127 1129 1123 
510 1127 271 1111 1129 
511 1129 1111 459 1128 
512 1123 1129 1128 464 
513 464 1128 1132 1131 
514 1128 459 1120 1132 
515 1132 1120 270 1130 
516 1131 1132 1130 462 
517 463 1124 1135 1134 
518 1124 464 1131 1135 
519 1135 1131 462 1133 
520 1134 1135 1133 272 
521 278 1136 1140 1139 
522 1136 465 1137 1140 
523 1140 1137 469 1138 
524 1139 1140 1138 468 
525 465 1141 1144 1137 
526 1141 279 1142 1144 
527 1144 1142 466 1143 
528 1137 1144 1143 469 
529 469 1143 1148 1147 
530 1143 466 1145 1148 
531 1148 1145 275 1146 
532 1147 1148 1146 467 
533 468 1138 1151 1150 
534 1138 469 1147 1151 
535 1151 1147 467 1149 
536 1150 1151 1149 274 
537 280 1152 1156 1155 
538 1152 470 1153 1156 
539 1156 1153 473 1154 
540 1155 1156 1154 472 
541 470 1157 1159 1153 
542 1157 278 1139 1159 
543 1159 1139 468 1158 
544 1153 1159 1158 473 
545 473 1158 1162 1161 
546 1158 468 1150 1162 
547 1162 1150 274 1160 
548 1161 1162 1160 471 
549 472 1154 1165 1164 
550 1154 473 1161 1165 
551 1165 1161 471 1163 
552 1164 1165 1163 276 
553 281 1166 1170 1169 
554 1166 474 1167 1170 
555 1170 1167 477 1168 
556 1169 1170 1168 476 
557 474 1171 1173 1167 
558 1171 280 1155 1173 
559 1173 1155 472 1172 
560 1167 1173 1172 477 
561 477 1172 1176 1175 
562 1172 472 1164 1176 
563 1176 1164 276 1174 
564 1175 1176 1174 475 
565 476 1168 1179 1178 
566 1168 477 1175 1179 
567 1179 1175 475 1177 
568 1178 1179 1177 277 
569 282 1180 1184 1183 
570 1180 478 1181 1184 
571 1184 1181 480 1182 
572 1183 1184 1182 479 
573 478 1185 1187 1181 
574 1185 262 1047 1187 
575 1187 1047 441 1186 
576 1181 1187 1186 480 
577 480 1186 1189 1188 
578 1186 441 1054 1189 
579 1189 1054 191 43 
580 1188 1189 43 146 
581 479 1182 1191 1190 
582 1182 480 1188 1191 
583 1191 1188 146 42 
584 1190 1191 42 190 
585 283 1192 1196 1195 
586 1192 481 1193 1196 
587 1196 1193 483 1194 
588 1195 1196 1194 482 
589 481 1197 1199 1193 
590 1197 282 1183 1199 
591 1199 1183 479 1198 
592 1193 1199 1198 483 
593 483 1198 1201 1200 
594 1198 479 1190 1201 
595 1201 1190 190 45 
596 1200 1201 45 145 
597 482 1194 1203 1202 
598 1194 483 1200 1203 
599 1203 1200 145 44 
600 1202 1203 44 189 
601 284 1204 1208 1207 
602 1204 484 1205 1208 
603 1208 1205 486 1206 
604 1207 1208 1206 485 
605 484 1209 1211 1205 
606 1209 283 1195 1211 
607 1211 1195 482 1210 
608 1205 1211 1210 486 
609 486 1210 1213 1212 
610 1210 482 1202 1213 
611 1213 1202 189 47 
612 1212 1213 47 144 
613 485 1206 1215 1214 
614 1206 486 1212 1215 
615 1215 1212 144 46 
616 1214 1215 46 148 
617 285 1216 1220 1219 
618 1216 487 1217 1220 
619 1220 1217 489 1218 
620 1219 1220 1218 488 
621 487 1221 1223 1217 
622 1221 284 1207 1223 
623 1223 1207 485 1222 
624 1217 1223 1222 489 
625 489 1222 1225 1224 
626 1222 485 1214 1225 
627 1225 1214 148 49 
628 1224 1225 49 143 
629 488 1218 1227 1226 
630 1218 489 1224 1227 
631 1227 1224 143 38 
632 1226 1227 38 187 
633 286 1228 1232 1231 
634 1228 490 1229 1232 
635 1232 1229 492 1230 
636 1231 1232 1230 491 
637 490 1233 1235 1229 
638 1233 285 1219 1235 
639 1235 1219 488 1234 
640 1229 1235 1234 492 
641 492 1234 1237 1236 
642 1234 488 1226 1237 
643 1237 1226 187 51 
644 1236 1237 51 142 
645 491 1230 1239 1238 
646 1230 492 1236 1239 
647 1239 1236 142 50 
648 1238 1239 50 186 
649 287 1240 1244 1243 
650 1240 493 1241 1244 
651 1244 1241 495 1242 
652 1243 1244 1242 494 
653 493 1245 1247 1241 
654 1245 286 1231 1247 
655 1247 1231 491 1246 
656 1241 1247 1246 495 
657 495 1246 1249 1248 
658 1246 491 1238 1249 
659 1249 1238 186 53 
660 1248 1249 53 141 
661 494 1242 1251 1250 
662 1242 495 1248 1251 
663 1251 1248 141 52 
664 1250 1251 52 185 
665 171 54 1255 1254 
666 54 140 1252 1255 
667 1255 1252 498 1253 
668 1254 1255 1253 497 
669 140 55 1257 1252 
670 55 172 1082 1257 
671 1257 1082 450 1256 
672 1252 1257 1256 498 
673 498 1256 1260 1259 
674 1256 450 1090 1260 
675 1260 1090 265 1258 
676 1259 1260 1258 496 
677 497 1253 1263 1262 
678 1253 498 1259 1263 
679 1263 1259 496 1261 
680 1262 1263 1261 288 
681 170 56 1267 1266 
682 56 139 1264 1267 
683 1267 1264 501 1265 
684 1266 1267 1265 500 
685 139 57 1269 1264 
686 57 171 1254 1269 
687 1269 1254 497 1268 
688 1264 1269 1268 501 
689 501 1268 1272 1271 
690 1268 497 1262 1272 
691 1272 1262 288 1270 
692 1271 1272 1270 499 
693 500 1265 1275 1274 
694 1265 501 1271 1275 
695 1275 1271 499 1273 
696 1274 1275 1273 289 
697 169 68 1279 1278 
698 68 138 1276 1279 
699 1279 1276 504 1277 
700 1278 1279 1277 503 
701 138 99 1281 1276 
702 99 170 1266 1281 
703 1281 1266 500 1280 
704 1276 1281 1280 504 
705 504 1280 1284 1283 
706 1280 500 1274 1284 
707 1284 1274 289 1282 
708 1283 1284 1282 502 
709 503 1277 1287 1286 
710 1277 504 1283 1287 
711 1287 1283 502 1285 
712 1286 1287 1285 290 
713 168 100 1291 1290 
714 100 137 1288 1291 
715 1291 1288 507 1289 
716 1290 1291 1289 506 
717 137 101 1293 1288 
718 101 169 1278 1293 
719 1293 1278 503 1292 
720 1288 1293 1292 507 
721 507 1292 1296 1295 
722 1292 503 1286 1296 
723 1296 1286 290 1294 
724 1295 1296 1294 505 
725 506 1289 1299 1298 
726 1289 507 1295 1299 
727 1299 1295 505 1297 
728 1298 1299 1297 291 
729 167 102 1303 1302 
730 102 136 1300 1303 
731 1303 1300 510 1301 
732 1302 1303 1301 509 
733 136 103 1305 1300 
734 103 168 1290 1305 
735 1305 1290 506 1304 
736 1300 1305 1304 510 
737 510 1304 1308 1307 
738 1304 506 1298 1308 
739 1308 1298 291 1306 
740 1307 1308 1306 508 
741 509 1301 1311 1310 
742 1301 510 1307 1311 
743 1311 1307 508 1309 
744 1310 1311 1309 292 
745 166 104 1315 1314 
746 104 135 1312 1315 
747 1315 1312 513 1313 
748 1314 1315 1313 512 
749 135 105 1317 1312 
750 105 167 1302 1317 
751 1317 1302 509 1316 
752 1312 1317 1316 513 
753 513 1316 1320 1319 
754 1316 509 1310 1320 
755 1320 1310 292 1318 
756 1319 1320 1318 511 
757 512 1313 1323 1322 
758 1313 513 1319 1323 
759 1323 1319 511 1321 
760 1322 1323 1321 293 
761 295 1324 1328 1327 
762 1324 514 1325 1328 
763 1328 1325 517 1326 
764 1327 1328 1326 516 
765 514 1329 1331 1325 
766 1329 273 1125 1331 
767 1331 1125 463 1330 
768 1325 1331 1330 517 
769 517 1330 1334 1333 
770 1330 463 1134 1334 
771 1334 1134 272 1332 
772 1333 1334 1332 515 
773 516 1326 1337 1336 
774 1326 517 1333 1337 
775 1337 1333 515 1335 
776 1336 1337 1335 294 
777 297 1338 1342 1341 
778 1338 518 1339 1342 
779 1342 1339 521 1340 
780 1341 1342 1340 520 
781 518 1343 1345 1339 
782 1343 295 1327 1345 
783 1345 1327 516 1344 
784 1339 1345 1344 521 
785 521 1344 1348 1347 
786 1344 516 1336 1348 
787 1348 1336 294 1346 
788 1347 1348 1346 519 
789 520 1340 1351 1350 
790 1340 521 1347 1351 
791 1351 1347 519 1349 
792 1350 1351 1349 296 
793 299 1352 1356 1355 
794 1352 522 1353 1356 
795 1356 1353 525 1354 
796 1355 1356 1354 524 
797 522 1357 1359 1353 
798 1357 297 1341 1359 
799 1359 1341 520 1358 
800 1353 1359 1358 525 
801 525 1358 1362 1361 
802 1358 520 1350 1362 
803 1362 1350 296 1360 
804 1361 1362 1360 523 
805 524 1354 1365 1364 
806 1354 525 1361 1365 
807 1365 1361 523 1363 
808 1364 1365 1363 298 
809 301 1366 1370 1369 
810 1366 526 1367 1370 
811 1370 1367 529 1368 
812 1369 1370 1368 528 
813 526 1371 1373 1367 
814 1371 299 1355 1373 
815 1373 1355 524 1372 
816 1367 1373 1372 529 
817 529 1372 1376 1375 
818 1372 524 1364 1376 
819 1376 1364 298 1374 
820 1375 1376 1374 527 
821 528 1368 1379 1378 
822 1368 529 1375 1379 
823 1379 1375 527 1377 
824 1378 1379 1377 300 
825 303 1380 1384 1383 
826 1380 530 1381 1384 
827 1384 1381 533 1382 
828 1383 1384 1382 532 
829 530 1385 1387 1381 
830 1385 301 1369 1387 
831 1387 1369 528 1386 
832 1381 1387 1386 533 
833 533 1386 1390 1389 
834 1386 528 1378 1390 
835 1390 1378 300 1388 
836 1389 1390 1388 531 
837 532 1382 1393 1392 
838 1382 533 1389 1393 
839 1393 1389 531 1391 
840 1392 1393 1391 302 
841 305 1394 1398 1397 
842 1394 534 1395 1398 
843 1398 1395 537 1396 
844 1397 1398 1396 536 
845 534 1399 1401 1395 
846 1399 303 1383 1401 
847 1401 1383 532 1400 
848 1395 1401 1400 537 
849 537 1400 1404 1403 
850 1400 532 1392 1404 
851 1404 1392 302 1402 
852 1403 1404 1402 535 
853 536 1396 1407 1406 
854 1396 537 1403 1407 
855 1407 1403 535 1405 
856 1406 1407 1405 304 
857 312 1408 1412 1411 
858 1408 538 1409 1412 
859 1412 1409 541 1410 
860 1411 1412 1410 540 
861 538 1413 1415 1409 
862 1413 281 1169 1415 
863 1415 1169 476 1414 
864 1409 1415 1414 541 
865 541 1414 1418 1417 
866 1414 476 1178 1418 
867 1418 1178 277 1416 
868 1417 1418 1416 539 
869 540 1410 1421 1420 
870 1410 541 1417 1421 
871 1421 1417 539 1419 
872 1420 1421 1419 306 
873 313 1422 1426 1425 
874 1422 542 1423 1426 
875 1426 1423 545 1424 
876 1425 1426 1424 544 
877 542 1427 1429 1423 
878 1427 312 1411 1429 
879 1429 1411 540 1428 
880 1423 1429 1428 545 
881 545 1428 1432 1431 
882 1428 540 1420 1432 
883 1432 1420 306 1430 
884 1431 1432 1430 543 
885 544 1424 1435 1434 
886 1424 545 1431 1435 
887 1435 1431 543 1433 
888 1434 1435 1433 307 
889 314 1436 1440 1439 
890 1436 546 1437 1440 
891 1440 1437 549 1438 
892 1439 1440 1438 548 
893 546 1441 1443 1437 
894 1441 313 1425 1443 
895 1443 1425 544 1442 
896 1437 1443 1442 549 
897 549 1442 1446 1445 
898 1442 544 1434 1446 
899 1446 1434 307 1444 
900 1445 1446 1444 547 
901 548 1438 1449 1448 
902 1438 549 1445 1449 
903 1449 1445 547 1447 
904 1448 1449 1447 308 
905 315 1450 1454 1453 
906 1450 550 1451 1454 
907 1454 1451 553 1452 
908 1453 1454 1452 552 
909 550 1455 1457 1451 
910 1455 314 1439 1457 
911 1457 1439 548 1456 
912 1451 1457 1456 553 
913 553 1456 1460 1459 
914 1456 548 1448 1460 
915 1460 1448 308 1458 
916 1459 1460 1458 551 
917 552 1452 1463 1462 
918 1452 553 1459 1463 
919 1463 1459 551 1461 
920 1462 1463 1461 309 
921 316 1464 1468 1467 
922 1464 554 1465 1468 
923 1468 1465 557 1466 
924 1467 1468 1466 556 
925 554 1469 1471 1465 
926 1469 315 1453 1471 
927 1471 1453 552 1470 
928 1465 1471 1470 557 
929 557 1470 1474 1473 
930 1470 552 1462 1474 
931 1474 1462 309 1472 
932 1473 1474 1472 555 
933 556 1466 1477 1476 
934 1466 557 1473 1477 
935 1477 1473 555 1475 
936 1476 1477 1475 310 
937 317 1478 1482 1481 
938 1478 558 1479 1482 
939 1482 1479 561 1480 
940 1481 1482 1480 560 
941 558 1483 1485 1479 
942 1483 316 1467 1485 
943 1485 1467 556 1484 
944 1479 1485 1484 561 
945 561 1484 1488 1487 
946 1484 556 1476 1488 
947 1488 1476 310 1486 
948 1487 1488 1486 559 
949 560 1480 1491 1490 
950 1480 561 1487 1491 
951 1491 1487 559 1489 
952 1490 1491 1489 311 
953 318 1492 1496 1495 
954 1492 562 1493 1496 
955 1496 1493 564 1494 
956 1495 1496 1494 563 
957 562 1497 1499 1493 
958 1497 287 1243 1499 
959 1499 1243 494 1498 
960 1493 1499 1498 564 
961 564 1498 1501 1500 
962 1498 494 1250 1501 
963 1501 1250 185 107 
964 1500 1501 107 134 
965 563 1494 1503 1502 
966 1494 564 1500 1503 
967 1503 1500 134 106 
968 1502 1503 106 184 
969 319 1504 1508 1507 
970 1504 565 1505 1508 
971 1508 1505 567 1506 
972 1507 1508 1506 566 
973 565 1509 1511 1505 
974 1509 318 1495 1511 
975 1511 1495 563 1510 
976 1505 1511 1510 567 
977 567 1510 1513 1512 
978 1510 563 1502 1513 
979 1513 1502 184 109 
980 1512 1513 109 133 
981 566 1506 1515 1514 
982 1506 567 1512 1515 
983 1515 1512 133 98 
984 1514 1515 98 183 
985 320 1516 1520 1519 
986 1516 568 1517 1520 
987 1520 1517 570 1518 
988 1519 1520 1518 569 
989 568 1521 1523 1517 
990 1521 319 1507 1523 
991 1523 1507 566 1522 
992 1517 1523 1522 570 
993 570 1522 1525 1524 
994 1522 566 1514 1525 
995 1525 1514 183 111 
996 1524 1525 111 132 
997 569 1518 1527 1526 
998 1518 570 1524 1527 
999 1527 1524 132 110 
1000 1526 1527 110 182 
1001 321 1528 1532 1531 
1002 1528 571 1529 1532 
1003 1532 1529 573 1530 
1004 1531 1532 1530 572 
1005 571 1533 1535 1529 
1006 1533 320 1519 1535 
1007 1535 1519 569 1534 
1008 1529 1535 1534 573 
1009 573 1534 1537 1536 
1010 1534 569 1526 1537 
1011 1537 1526 182 113 
1012 1536 1537 113 131 
1013 572 1530 1539 1538 
1014 1530 573 1536 1539 
1015 1539 1536 131 112 
1016 1538 1539 112 181 
1017 322 1540 1544 1543 
1018 1540 574 1541 1544 
1019 1544 1541 576 1542 
1020 1543 1544 1542 575 
1021 574 1545 1547 1541 
1022 1545 321 1531 1547 
1023 1547 1531 572 1546 
1024 1541 1547 1546 576 
1025 576 1546 1549 1548 
1026 1546 572 1538 1549 
1027 1549 1538 181 115 
1028 1548 1549 115 130 
1029 575 1542 1551 1550 
1030 1542 576 1548 1551 
1031 1551 1548 130 114 
1032 1550 1551 114 180 
1033 323 1552 1556 1555 
1034 1552 577 1553 1556 
1035 1556 1553 579 1554 
1036 1555 1556 1554 578 
1037 577 1557 1559 1553 
1038 1557 322 1543 1559 
1039 1559 1543 575 1558 
1040 1553 1559 1558 579 
1041 579 1558 1561 1560 
1042 1558 575 1550 1561 
1043 1561 1550 180 117 
1044 1560 1561 117 129 
1045 578 1554 1563 1562 
1046 1554 579 1560 1563 
1047 1563 1560 129 116 
1048 1562 1563 116 179 
1049 324 1564 1568 1567 
1050 1564 580 1565 1568 
1051 1568 1565 582 1566 
1052 1567 1568 1566 581 
1053 580 1569 1571 1565 
1054 1569 323 1555 1571 
1055 1571 1555 578 1570 
1056 1565 1571 1570 582 
1057 582 1570 1573 1572 
1058 1570 578 1562 1573 
1059 1573 1562 179 79 
1060 1572 1573 79 128 
1061 581 1566 1575 1574 
1062 1566 582 1572 1575 
1063 1575 1572 128 88 
1064 1574 1575 88 178 
1065 165 80 1579 1578 
1066 80 127 1576 1579 
1067 1579 1576 585 1577 
1068 1578 1579 1577 584 
1069 127 81 1581 1576 
1070 81 166 1314 1581 
1071 1581 1314 512 1580 
1072 1576 1581 1580 585 
1073 585 1580 1584 1583 
1074 1580 512 1322 1584 
1075 1584 1322 293 1582 
1076 1583 1584 1582 583 
1077 584 1577 1587 1586 
1078 1577 585 1583 1587 
1079 1587 1583 583 1585 
1080 1586 1587 1585 325 
1081 164 82 1591 1590 
1082 82 126 1588 1591 
1083 1591 1588 588 1589 
1084 1590 1591 1589 587 
1085 126 83 1593 1588 
1086 83 165 1578 1593 
1087 1593 1578 584 1592 
1088 1588 1593 1592 588 
1089 588 1592 1596 1595 
1090 1592 584 1586 1596 
1091 1596 1586 325 1594 
1092 1595 1596 1594 586 
1093 587 1589 1599 1598 
1094 1589 588 1595 1599 
1095 1599 1595 586 1597 
1096 1598 1599 1597 326 
1097 163 84 1603 1602 
1098 84 125 1600 1603 
1099 1603 1600 591 1601 
1100 1602 1603 1601 590 
1101 125 85 1605 1600 
1102 85 164 1590 1605 
1103 1605 1590 587 1604 
1104 1600 1605 1604 591 
1105 591 1604 1608 1607 
1106 1604 587 1598 1608 
1107 1608 1598 326 1606 
1108 1607 1608 1606 589 
1109 590 1601 1611 1610 
1110 1601 591 1607 1611 
1111 1611 1607 589 1609 
1112 1610 1611 1609 327 
1113 162 86 1615 1614 
1114 86 124 1612 1615 
1115 1615 1612 594 1613 
1116 1614 1615 1613 593 
1117 124 87 1617 1612 
1118 87 163 1602 1617 
1119 1617 1602 590 1616 
1120 1612 1617 1616 594 
1121 594 1616 1620 1619 
1122 1616 590 1610 1620 
1123 1620 1610 327 1618 
1124 1619 1620 1618 592 
1125 593 1613 1623 1622 
1126 1613 594 1619 1623 
1127 1623 1619 592 1621 
1128 1622 1623 1621 328 
1129 161 78 1627 1626 
1130 78 123 1624 1627 
1131 1627 1624 597 1625 
1132 1626 1627 1625 596 
1133 123 89 1629 1624 
1134 89 162 1614 1629 
1135 1629 1614 593 1628 
1136 1624 1629 1628 597 
1137 597 1628 1632 1631 
1138 1628 593 1622 1632 
1139 1632 1622 328 1630 
1140 1631 1632 1630 595 
1141 596 1625 1635 1634 
1142 1625 597 1631 1635 
1143 1635 1631 595 1633 
1144 1634 1635 1633 329 
1145 160 90 1639 1638 
1146 90 122 1636 1639 
1147 1639 1636 600 1637 
1148 1638 1639 1637 599 
1149 122 91 1641 1636 
1150 91 161 1626 1641 
1151 1641 1626 596 1640 
1152 1636 1641 1640 600 
1153 600 1640 1644 1643 
1154 1640 596 1634 1644 
1155 1644 1634 329 1642 
1156 1643 1644 1642 598 
1157 599 1637 1647 1646 
1158 1637 600 1643 1647 
1159 1647 1643 598 1645 
1160 1646 1647 1645 330 
1161 159 92 1651 1650 
1162 92 121 1648 1651 
1163 1651 1648 603 1649 
1164 1650 1651 1649 602 
1165 121 93 1653 1648 
1166 93 160 1638 1653 
1167 1653 1638 599 1652 
1168 1648 1653 1652 603 
1169 603 1652 1656 1655 
1170 1652 599 1646 1656 
1171 1656 1646 330 1654 
1172 1655 1656 1654 601 
1173 602 1649 1659 1658 
1174 1649 603 1655 1659 
1175 1659 1655 601 1657 
1176 1658 1659 1657 331 
1177 333 1660 1664 1663 
1178 1660 604 1661 1664 
1179 1664 1661 607 1662 
1180 1663 1664 1662 606 
1181 604 1665 1667 1661 
1182 1665 305 1397 1667 
1183 1667 1397 536 1666 
1184 1661 1667 1666 607 
1185 607 1666 1670 1669 
1186 1666 536 1406 1670 
1187 1670 1406 304 1668 
1188 1669 1670 1668 605 
1189 606 1662 1673 1672 
1190 1662 607 1669 1673 
1191 1673 1669 605 1671 
1192 1672 1673 1671 332 
1193 335 1674 1678 1677 
1194 1674 608 1675 1678 
1195 1678 1675 611 1676 
1196 1677 1678 1676 610 
1197 608 1679 1681 1675 
1198 1679 333 1663 1681 
1199 1681 1663 606 1680 
1200 1675 1681 1680 611 
1201 611 1680 1684 1683 
1202 1680 606 1672 1684 
1203 1684 1672 332 1682 
1204 1683 1684 1682 609 
1205 610 1676 1687 1686 
1206 1676 611 1683 1687 
1207 1687 1683 609 1685 
1208 1686 1687 1685 334 
1209 337 1688 1692 1691 
1210 1688 612 1689 1692 
1211 1692 1689 615 1690 
1212 1691 1692 1690 614 
1213 612 1693 1695 1689 
1214 1693 335 1677 1695 
1215 1695 1677 610 1694 
1216 1689 1695 1694 615 
1217 615 1694 1698 1697 
1218 1694 610 1686 1698 
1219 1698 1686 334 1696 
1220 1697 1698 1696 613 
1221 614 1690 1701 1700 
1222 1690 615 1697 1701 
1223 1701 1697 613 1699 
1224 1700 1701 1699 336 
1225 339 1702 1706 1705 
1226 1702 616 1703 1706 
1227 1706 1703 619 1704 
1228 1705 1706 1704 618 
1229 616 1707 1709 1703 
1230 1707 337 1691 1709 
1231 1709 1691 614 1708 
1232 1703 1709 1708 619 
1233 619 1708 1712 1711 
1234 1708 614 1700 1712 
1235 1712 1700 336 1710 
1236 1711 1712 1710 617 
1237 618 1704 1715 1714 
1238 1704 619 1711 1715 
1239 1715 1711 617 1713 
1240 1714 1715 1713 338 
1241 341 1716 1720 1719 
1242 1716 620 1717 1720 
1243 1720 1717 623 1718 
1244 1719 1720 1718 622 
1245 620 1721 1723 1717 
1246 1721 339 1705 1723 
1247 1723 1705 618 1722 
1248 1717 1723 1722 623 
1249 623 1722 1726 1725 
1250 1722 618 1714 1726 
1251 1726 1714 338 1724 
1252 1725 1726 1724 621 
1253 622 1718 1729 1728 
1254 1718 623 1725 1729 
1255 1729 1725 621 1727 
1256 1728 1729 1727 340 
1257 343 1730 1734 1733 
1258 1730 624 1731 1734 
1259 1734 1731 627 1732 
1260 1733 1734 1732 626 
1261 624 1735 1737 1731 
1262 1735 341 1719 1737 
1263 1737 1719 622 1736 
1264 1731 1737 1736 627 
1265 627 1736 1740 1739 
1266 1736 622 1728 1740 
1267 1740 1728 340 1738 
1268 1739 1740 1738 625 
1269 626 1732 1743 1742 
1270 1732 627 1739 1743 
1271 1743 1739 625 1741 
1272 1742 1743 1741 342 
1273 345 1744 1748 1747 
1274 1744 628 1745 1748 
1275 1748 1745 631 1746 
1276 1747 1748 1746 630 
1277 628 1749 1751 1745 
1278 1749 343 1733 1751 
1279 1751 1733 626 1750 
1280 1745 1751 1750 631 
1281 631 1750 1754 1753 
1282 1750 626 1742 1754 
1283 1754 1742 342 1752 
1284 1753 1754 1752 629 
1285 630 1746 1757 1756 
1286 1746 631 1753 1757 
1287 1757 1753 629 1755 
1288 1756 1757 1755 344 
1289 346 1758 1762 1761 
1290 1758 632 1759 1762 
1291 1762 1759 635 1760 
1292 1761 1762 1760 634 
1293 632 1763 1766 1759 
1294 1763 311 1764 1766 
1295 1766 1764 633 1765 
1296 1759 1766 1765 635 
1297 635 1765 1769 1768 
1298 1765 633 1767 1769 
1299 1769 1767 305 1665 
1300 1768 1769 1665 604 
1301 634 1760 1771 1770 
1302 1760 635 1768 1771 
1303 1771 1768 604 1660 
1304 1770 1771 1660 333 
1305 347 1772 1776 1775 
1306 1772 636 1773 1776 
1307 1776 1773 638 1774 
1308 1775 1776 1774 637 
1309 636 1777 1779 1773 
1310 1777 346 1761 1779 
1311 1779 1761 634 1778 
1312 1773 1779 1778 638 
1313 638 1778 1781 1780 
1314 1778 634 1770 1781 
1315 1781 1770 333 1679 
1316 1780 1781 1679 608 
1317 637 1774 1783 1782 
1318 1774 638 1780 1783 
1319 1783 1780 608 1674 
1320 1782 1783 1674 335 
1321 348 1784 1788 1787 
1322 1784 639 1785 1788 
1323 1788 1785 641 1786 
1324 1787 1788 1786 640 
1325 639 1789 1791 1785 
1326 1789 347 1775 1791 
1327 1791 1775 637 1790 
1328 1785 1791 1790 641 
1329 641 1790 1793 1792 
1330 1790 637 1782 1793 
1331 1793 1782 335 1693 
1332 1792 1793 1693 612 
1333 640 1786 1795 1794 
1334 1786 641 1792 1795 
1335 1795 1792 612 1688 
1336 1794 1795 1688 337 
1337 349 1796 1800 1799 
1338 1796 642 1797 1800 
1339 1800 1797 644 1798 
1340 1799 1800 1798 643 
1341 642 1801 1803 1797 
1342 1801 348 1787 1803 
1343 1803 1787 640 1802 
1344 1797 1803 1802 644 
1345 644 1802 1805 1804 
1346 1802 640 1794 1805 
1347 1805 1794 337 1707 
1348 1804 1805 1707 616 
1349 643 1798 1807 1806 
1350 1798 644 1804 1807 
1351 1807 1804 616 1702 
1352 1806 1807 1702 339 
1353 350 1808 1812 1811 
1354 1808 645 1809 1812 
1355 1812 1809 647 1810 
1356 1811 1812 1810 646 
1357 645 1813 1815 1809 
1358 1813 349 1799 1815 
1359 1815 1799 643 1814 
1360 1809 1815 1814 647 
1361 647 1814 1817 1816 
1362 1814 643 1806 1817 
1363 1817 1806 339 1721 
1364 1816 1817 1721 620 
1365 646 1810 1819 1818 
1366 1810 647 1816 1819 
1367 1819 1816 620 1716 
1368 1818 1819 1716 341 
1369 351 1820 1824 1823 
1370 1820 648 1821 1824 
1371 1824 1821 650 1822 
1372 1823 1824 1822 649 
1373 648 1825 1827 1821 
1374 1825 350 1811 1827 
1375 1827 1811 646 1826 
1376 1821 1827 1826 650 
1377 650 1826 1829 1828 
1378 1826 646 1818 1829 
1379 1829 1818 341 1735 
1380 1828 1829 1735 624 
1381 649 1822 1831 1830 
1382 1822 650 1828 1831 
1383 1831 1828 624 1730 
1384 1830 1831 1730 343 
1385 352 1832 1836 1835 
1386 1832 651 1833 1836 
1387 1836 1833 653 1834 
1388 1835 1836 1834 652 
1389 651 1837 1839 1833 
1390 1837 351 1823 1839 
1391 1839 1823 649 1838 
1392 1833 1839 1838 653 
1393 653 1838 1841 1840 
1394 1838 649 1830 1841 
1395 1841 1830 343 1749 
1396 1840 1841 1749 628 
1397 652 1834 1843 1842 
1398 1834 653 1840 1843 
1399 1843 1840 628 1744 
1400 1842 1843 1744 345 
1401 353 1844 1848 1847 
1402 1844 654 1845 1848 
1403 1848 1845 656 1846 
1404 1847 1848 1846 655 
1405 654 1849 1851 1845 
1406 1849 317 1481 1851 
1407 1851 1481 560 1850 
1408 1845 1851 1850 656 
1409 656 1850 1853 1852 
1410 1850 560 1490 1853 
1411 1853 1490 311 1763 
1412 1852 1853 1763 632 
1413 655 1846 1855 1854 
1414 1846 656 1852 1855 
1415 1855 1852 632 1758 
1416 1854 1855 1758 346 
1417 354 1856 1860 1859 
1418 1856 657 1857 1860 
1419 1860 1857 659 1858 
1420 1859 1860 1858 658 
1421 657 1861 1863 1857 
1422 1861 353 1847 1863 
1423 1863 1847 655 1862 
1424 1857 1863 1862 659 
1425 659 1862 1865 1864 
1426 1862 655 1854 1865 
1427 1865 1854 346 1777 
1428 1864 1865 1777 636 
1429 658 1858 1867 1866 
1430 1858 659 1864 1867 
1431 1867 1864 636 1772 
1432 1866 1867 1772 347 
1433 355 1868 1872 1871 
1434 1868 660 1869 1872 
1435 1872 1869 662 1870 
1436 1871 1872 1870 661 
1437 660 1873 1875 1869 
1438 1873 354 1859 1875 
1439 1875 1859 658 1874 
1440 1869 1875 1874 662 
1441 662 1874 1877 1876 
1442 1874 658 1866 1877 
1443 1877 1866 347 1789 
1444 1876 1877 1789 639 
1445 661 1870 1879 1878 
1446 1870 662 1876 1879 
1447 1879 1876 639 1784 
1448 1878 1879 1784 348 
1449 356 1880 1884 1883 
1450 1880 663 1881 1884 
1451 1884 1881 665 1882 
1452 1883 1884 1882 664 
1453 663 1885 1887 1881 
1454 1885 355 1871 1887 
1455 1887 1871 661 1886 
1456 1881 1887 1886 665 
1457 665 1886 1889 1888 
1458 1886 661 1878 1889 
1459 1889 1878 348 1801 
1460 1888 1889 1801 642 
1461 664 1882 1891 1890 
1462 1882 665 1888 1891 
1463 1891 1888 642 1796 
1464 1890 1891 1796 349 
1465 357 1892 1896 1895 
1466 1892 666 1893 1896 
1467 1896 1893 668 1894 
1468 1895 1896 1894 667 
1469 666 1897 1899 1893 
1470 1897 356 1883 1899 
1471 1899 1883 664 1898 
1472 1893 1899 1898 668 
1473 668 1898 1901 1900 
1474 1898 664 1890 1901 
1475 1901 1890 349 1813 
1476 1900 1901 1813 645 
1477 667 1894 1903 1902 
1478 1894 668 1900 1903 
1479 1903 1900 645 1808 
1480 1902 1903 1808 350 
1481 358 1904 1908 1907 
1482 1904 669 1905 1908 
1483 1908 1905 671 1906 
1484 1907 1908 1906 670 
1485 669 1909 1911 1905 
1486 1909 357 1895 1911 
1487 1911 1895 667 1910 
1488 1905 1911 1910 671 
1489 671 1910 1913 1912 
1490 1910 667 1902 1913 
1491 1913 1902 350 1825 
1492 1912 1913 1825 648 
1493 670 1906 1915 1914 
1494 1906 671 1912 1915 
1495 1915 1912 648 1820 
1496 1914 1915 1820 351 
1497 359 1916 1920 1919 
1498 1916 672 1917 1920 
1499 1920 1917 674 1918 
1500 1919 1920 1918 673 
1501 672 1921 1923 1917 
1502 1921 358 1907 1923 
1503 1923 1907 670 1922 
1504 1917 1923 1922 674 
1505 674 1922 1925 1924 
1506 1922 670 1914 1925 
1507 1925 1914 351 1837 
1508 1924 1925 1837 651 
1509 673 1918 1927 1926 
1510 1918 674 1924 1927 
1511 1927 1924 651 1832 
1512 1926 1927 1832 352 
1513 11 1928 1931 2 
1514 1928 675 1929 1931 
1515 1931 1929 676 1930 
1516 2 1931 1930 20 
1517 675 1932 1934 1929 
1518 1932 324 1567 1934 
1519 1934 1567 581 1933 
1520 1929 1934 1933 676 
1521 676 1933 1936 1935 
1522 1933 581 1574 1936 
1523 1936 1574 178 95 
1524 1935 1936 95 120 
1525 20 1930 1937 3 
1526 1930 676 1935 1937 
1527 1937 1935 120 94 
1528 3 1937 94 30 
1529 29 96 1940 4 
1530 96 119 1938 1940 
1531 1940 1938 678 1939 
1532 4 1940 1939 28 
1533 119 97 1942 1938 
1534 97 159 1650 1942 
1535 1942 1650 602 1941 
1536 1938 1942 1941 678 
1537 678 1941 1945 1944 
1538 1941 602 1658 1945 
1539 1945 1658 331 1943 
1540 1944 1945 1943 677 
1541 28 1939 1947 5 
1542 1939 678 1944 1947 
1543 1947 1944 677 1946 
1544 5 1947 1946 31 
1545 35 1948 1951 6 
1546 1948 679 1949 1951 
1547 1951 1949 681 1950 
1548 6 1951 1950 27 
1549 679 1952 1954 1949 
1550 1952 345 1747 1954 
1551 1954 1747 630 1953 
1552 1949 1954 1953 681 
1553 681 1953 1957 1956 
1554 1953 630 1756 1957 
1555 1957 1756 344 1955 
1556 1956 1957 1955 680 
1557 27 1950 1959 7 
1558 1950 681 1956 1959 
1559 1959 1956 680 1958 
1560 7 1959 1958 36 
1561 34 1960 1963 8 
1562 1960 682 1961 1963 
1563 1963 1961 683 1962 
1564 8 1963 1962 26 
1565 682 1964 1966 1961 
1566 1964 352 1835 1966 
1567 1966 1835 652 1965 
1568 1961 1966 1965 683 
1569 683 1965 1968 1967 
1570 1965 652 1842 1968 
1571 1968 1842 345 1952 
1572 1967 1968 1952 679 
1573 26 1962 1969 9 
1574 1962 683 1967 1969 
1575 1969 1967 679 1948 
1576 9 1969 1948 35 
1577 33 1970 1973 10 
1578 1970 684 1971 1973 
1579 1973 1971 685 1972 
1580 10 1973 1972 25 
1581 684 1974 1976 1971 
1582 1974 359 1919 1976 
1583 1976 1919 673 1975 
1584 1971 1976 1975 685 
1585 685 1975 1978 1977 
1586 1975 673 1926 1978 
1587 1978 1926 352 1964 
1588 1977 1978 1964 682 
1589 25 1972 1979 1 
1590 1972 685 1977 1979 
1591 1979 1977 682 1960 
1592 1 1979 1960 34 
1593 360 1980 1984 1983 
1594 1980 686 1981 1984 
1595 1984 1981 689 1982 
1596 1983 1984 1982 688 
1597 686 1985 1988 1981 
1598 1985 361 1986 1988 
1599 1988 1986 687 1987 
1600 1981 1988 1987 689 
1601 689 1987 1991 1990 
1602 1987 687 1989 1991 
1603 1991 1989 256 1025 
1604 1990 1991 1025 434 
1605 688 1982 1993 1992 
1606 1982 689 1990 1993 
1607 1993 1990 434 1020 
1608 1992 1993 1020 260 
1609 267 1105 1997 1996 
1610 1105 454 1994 1997 
1611 1997 1994 692 1995 
1612 1996 1997 1995 691 
1613 454 1102 2000 1994 
1614 1102 266 1998 2000 
1615 2000 1998 690 1999 
1616 1994 2000 1999 692 
1617 692 1999 2003 2002 
1618 1999 690 2001 2003 
1619 2003 2001 361 1985 
1620 2002 2003 1985 686 
1621 691 1995 2005 2004 
1622 1995 692 2002 2005 
1623 2005 2002 686 1980 
1624 2004 2005 1980 360 
1625 362 2006 2010 2009 
1626 2006 693 2007 2010 
1627 2010 2007 695 2008 
1628 2009 2010 2008 694 
1629 693 2011 2013 2007 
1630 2011 360 1983 2013 
1631 2013 1983 688 2012 
1632 2007 2013 2012 695 
1633 695 2012 2015 2014 
1634 2012 688 1992 2015 
1635 2015 1992 260 1037 
1636 2014 2015 1037 437 
1637 694 2008 2017 2016 
1638 2008 695 2014 2017 
1639 2017 2014 437 1032 
1640 2016 2017 1032 261 
1641 270 1119 2021 2020 
1642 1119 458 2018 2021 
1643 2021 2018 697 2019 
1644 2020 2021 2019 696 
1645 458 1116 2023 2018 
1646 1116 267 1996 2023 
1647 2023 1996 691 2022 
1648 2018 2023 2022 697 
1649 697 2022 2025 2024 
1650 2022 691 2004 2025 
1651 2025 2004 360 2011 
1652 2024 2025 2011 693 
1653 696 2019 2027 2026 
1654 2019 697 2024 2027 
1655 2027 2024 693 2006 
1656 2026 2027 2006 362 
1657 363 2028 2032 2031 
1658 2028 698 2029 2032 
1659 2032 2029 700 2030 
1660 2031 2032 2030 699 
1661 698 2033 2035 2029 
1662 2033 362 2009 2035 
1663 2035 2009 694 2034 
1664 2029 2035 2034 700 
1665 700 2034 2037 2036 
1666 2034 694 2016 2037 
1667 2037 2016 261 1049 
1668 2036 2037 1049 440 
1669 699 2030 2039 2038 
1670 2030 700 2036 2039 
1671 2039 2036 440 1044 
1672 2038 2039 1044 262 
1673 272 1133 2043 2042 
1674 1133 462 2040 2043 
1675 2043 2040 702 2041 
1676 2042 2043 2041 701 
1677 462 1130 2045 2040 
1678 1130 270 2020 2045 
1679 2045 2020 696 2044 
1680 2040 2045 2044 702 
1681 702 2044 2047 2046 
1682 2044 696 2026 2047 
1683 2047 2026 362 2033 
1684 2046 2047 2033 698 
1685 701 2041 2049 2048 
1686 2041 702 2046 2049 
1687 2049 2046 698 2028 
1688 2048 2049 2028 363 
1689 364 2050 2054 2053 
1690 2050 703 2051 2054 
1691 2054 2051 705 2052 
1692 2053 2054 2052 704 
1693 703 2055 2057 2051 
1694 2055 363 2031 2057 
1695 2057 2031 699 2056 
1696 2051 2057 2056 705 
1697 705 2056 2059 2058 
1698 2056 699 2038 2059 
1699 2059 2038 262 1185 
1700 2058 2059 1185 478 
1701 704 2052 2061 2060 
1702 2052 705 2058 2061 
1703 2061 2058 478 1180 
1704 2060 2061 1180 282 
1705 294 1335 2065 2064 
1706 1335 515 2062 2065 
1707 2065 2062 707 2063 
1708 2064 2065 2063 706 
1709 515 1332 2067 2062 
1710 1332 272 2042 2067 
1711 2067 2042 701 2066 
1712 2062 2067 2066 707 
1713 707 2066 2069 2068 
1714 2066 701 2048 2069 
1715 2069 2048 363 2055 
1716 2068 2069 2055 703 
1717 706 2063 2071 2070 
1718 2063 707 2068 2071 
1719 2071 2068 703 2050 
1720 2070 2071 2050 364 
1721 365 2072 2076 2075 
1722 2072 708 2073 2076 
1723 2076 2073 710 2074 
1724 2075 2076 2074 709 
1725 708 2077 2079 2073 
1726 2077 364 2053 2079 
1727 2079 2053 704 2078 
1728 2073 2079 2078 710 
1729 710 2078 2081 2080 
1730 2078 704 2060 2081 
1731 2081 2060 282 1197 
1732 2080 2081 1197 481 
1733 709 2074 2083 2082 
1734 2074 710 2080 2083 
1735 2083 2080 481 1192 
1736 2082 2083 1192 283 
1737 296 1349 2087 2086 
1738 1349 519 2084 2087 
1739 2087 2084 712 2085 
1740 2086 2087 2085 711 
1741 519 1346 2089 2084 
1742 1346 294 2064 2089 
1743 2089 2064 706 2088 
1744 2084 2089 2088 712 
1745 712 2088 2091 2090 
1746 2088 706 2070 2091 
1747 2091 2070 364 2077 
1748 2090 2091 2077 708 
1749 711 2085 2093 2092 
1750 2085 712 2090 2093 
1751 2093 2090 708 2072 
1752 2092 2093 2072 365 
1753 366 2094 2098 2097 
1754 2094 713 2095 2098 
1755 2098 2095 715 2096 
1756 2097 2098 2096 714 
1757 713 2099 2101 2095 
1758 2099 365 2075 2101 
1759 2101 2075 709 2100 
1760 2095 2101 2100 715 
1761 715 2100 2103 2102 
1762 2100 709 2082 2103 
1763 2103 2082 283 1209 
1764 2102 2103 1209 484 
1765 714 2096 2105 2104 
1766 2096 715 2102 2105 
1767 2105 2102 484 1204 
1768 2104 2105 1204 284 
1769 298 1363 2109 2108 
1770 1363 523 2106 2109 
1771 2109 2106 717 2107 
1772 2108 2109 2107 716 
1773 523 1360 2111 2106 
1774 1360 296 2086 2111 
1775 2111 2086 711 2110 
1776 2106 2111 2110 717 
1777 717 2110 2113 2112 
1778 2110 711 2092 2113 
1779 2113 2092 365 2099 
1780 2112 2113 2099 713 
1781 716 2107 2115 2114 
1782 2107 717 2112 2115 
1783 2115 2112 713 2094 
1784 2114 2115 2094 366 
1785 367 2116 2120 2119 
1786 2116 718 2117 2120 
1787 2120 2117 720 2118 
1788 2119 2120 2118 719 
1789 718 2121 2123 2117 
1790 2121 366 2097 2123 
1791 2123 2097 714 2122 
1792 2117 2123 2122 720 
1793 720 2122 2125 2124 
1794 2122 714 2104 2125 
1795 2125 2104 284 1221 
1796 2124 2125 1221 487 
1797 719 2118 2127 2126 
1798 2118 720 2124 2127 
1799 2127 2124 487 1216 
1800 2126 2127 1216 285 
1801 300 1377 2131 2130 
1802 1377 527 2128 2131 
1803 2131 2128 722 2129 
1804 2130 2131 2129 721 
1805 527 1374 2133 2128 
1806 1374 298 2108 2133 
1807 2133 2108 716 2132 
1808 2128 2133 2132 722 
1809 722 2132 2135 2134 
1810 2132 716 2114 2135 
1811 2135 2114 366 2121 
1812 2134 2135 2121 718 
1813 721 2129 2137 2136 
1814 2129 722 2134 2137 
1815 2137 2134 718 2116 
1816 2136 2137 2116 367 
1817 368 2138 2142 2141 
1818 2138 723 2139 2142 
1819 2142 2139 725 2140 
1820 2141 2142 2140 724 
1821 723 2143 2145 2139 
1822 2143 367 2119 2145 
1823 2145 2119 719 2144 
1824 2139 2145 2144 725 
1825 725 2144 2147 2146 
1826 2144 719 2126 2147 
1827 2147 2126 285 1233 
1828 2146 2147 1233 490 
1829 724 2140 2149 2148 
1830 2140 725 2146 2149 
1831 2149 2146 490 1228 
1832 2148 2149 1228 286 
1833 302 1391 2153 2152 
1834 1391 531 2150 2153 
1835 2153 2150 727 2151 
1836 2152 2153 2151 726 
1837 531 1388 2155 2150 
1838 1388 300 2130 2155 
1839 2155 2130 721 2154 
1840 2150 2155 2154 727 
1841 727 2154 2157 2156 
1842 2154 721 2136 2157 
1843 2157 2136 367 2143 
1844 2156 2157 2143 723 
1845 726 2151 2159 2158 
1846 2151 727 2156 2159 
1847 2159 2156 723 2138 
1848 2158 2159 2138 368 
1849 369 2160 2164 2163 
1850 2160 728 2161 2164 
1851 2164 2161 730 2162 
1852 2163 2164 2162 729 
1853 728 2165 2167 2161 
1854 2165 368 2141 2167 
1855 2167 2141 724 2166 
1856 2161 2167 2166 730 
1857 730 2166 2169 2168 
1858 2166 724 2148 2169 
1859 2169 2148 286 1245 
1860 2168 2169 1245 493 
1861 729 2162 2171 2170 
1862 2162 730 2168 2171 
1863 2171 2168 493 1240 
1864 2170 2171 1240 287 
1865 304 1405 2175 2174 
1866 1405 535 2172 2175 
1867 2175 2172 732 2173 
1868 2174 2175 2173 731 
1869 535 1402 2177 2172 
1870 1402 302 2152 2177 
1871 2177 2152 726 2176 
1872 2172 2177 2176 732 
1873 732 2176 2179 2178 
1874 2176 726 2158 2179 
1875 2179 2158 368 2165 
1876 2178 2179 2165 728 
1877 731 2173 2181 2180 
1878 2173 732 2178 2181 
1879 2181 2178 728 2160 
1880 2180 2181 2160 369 
1881 370 2182 2186 2185 
1882 2182 733 2183 2186 
1883 2186 2183 735 2184 
1884 2185 2186 2184 734 
1885 733 2187 2189 2183 
1886 2187 369 2163 2189 
1887 2189 2163 729 2188 
1888 2183 2189 2188 735 
1889 735 2188 2191 2190 
1890 2188 729 2170 2191 
1891 2191 2170 287 1497 
1892 2190 2191 1497 562 
1893 734 2184 2193 2192 
1894 2184 735 2190 2193 
1895 2193 2190 562 1492 
1896 2192 2193 1492 318 
1897 332 1671 2197 2196 
1898 1671 605 2194 2197 
1899 2197 2194 737 2195 
1900 2196 2197 2195 736 
1901 605 1668 2199 2194 
1902 1668 304 2174 2199 
1903 2199 2174 731 2198 
1904 2194 2199 2198 737 
1905 737 2198 2201 2200 
1906 2198 731 2180 2201 
1907 2201 2180 369 2187 
1908 2200 2201 2187 733 
1909 736 2195 2203 2202 
1910 2195 737 2200 2203 
1911 2203 2200 733 2182 
1912 2202 2203 2182 370 
1913 371 2204 2208 2207 
1914 2204 738 2205 2208 
1915 2208 2205 740 2206 
1916 2207 2208 2206 739 
1917 738 2209 2211 2205 
1918 2209 370 2185 2211 
1919 2211 2185 734 2210 
1920 2205 2211 2210 740 
1921 740 2210 2213 2212 
1922 2210 734 2192 2213 
1923 2213 2192 318 1509 
1924 2212 2213 1509 565 
1925 739 2206 2215 2214 
1926 2206 740 2212 2215 
1927 2215 2212 565 1504 
1928 2214 2215 1504 319 
1929 334 1685 2219 2218 
1930 1685 609 2216 2219 
1931 2219 2216 742 2217 
1932 2218 2219 2217 741 
1933 609 1682 2221 2216 
1934 1682 332 2196 2221 
1935 2221 2196 736 2220 
1936 2216 2221 2220 742 
1937 742 2220 2223 2222 
1938 2220 736 2202 2223 
1939 2223 2202 370 2209 
1940 2222 2223 2209 738 
1941 741 2217 2225 2224 
1942 2217 742 2222 2225 
1943 2225 2222 738 2204 
1944 2224 2225 2204 371 
1945 372 2226 2230 2229 
1946 2226 743 2227 2230 
1947 2230 2227 745 2228 
1948 2229 2230 2228 744 
1949 743 2231 2233 2227 
1950 2231 371 2207 2233 
1951 2233 2207 739 2232 
1952 2227 2233 2232 745 
1953 745 2232 2235 2234 
1954 2232 739 2214 2235 
1955 2235 2214 319 1521 
1956 2234 2235 1521 568 
1957 744 2228 2237 2236 
1958 2228 745 2234 2237 
1959 2237 2234 568 1516 
1960 2236 2237 1516 320 
1961 336 1699 2241 2240 
1962 1699 613 2238 2241 
1963 2241 2238 747 2239 
1964 2240 2241 2239 746 
1965 613 1696 2243 2238 
1966 1696 334 2218 2243 
1967 2243 2218 741 2242 
1968 2238 2243 2242 747 
1969 747 2242 2245 2244 
1970 2242 741 2224 2245 
1971 2245 2224 371 2231 
1972 2244 2245 2231 743 
1973 746 2239 2247 2246 
1974 2239 747 2244 2247 
1975 2247 2244 743 2226 
1976 2246 2247 2226 372 
1977 373 2248 2252 2251 
1978 2248 748 2249 2252 
1979 2252 2249 750 2250 
1980 2251 2252 2250 749 
1981 748 2253 2255 2249 
1982 2253 372 2229 2255 
1983 2255 2229 744 2254 
1984 2249 2255 2254 750 
1985 750 2254 2257 2256 
1986 2254 744 2236 2257 
1987 2257 2236 320 1533 
1988 2256 2257 1533 571 
1989 749 2250 2259 2258 
1990 2250 750 2256 2259 
1991 2259 2256 571 1528 
1992 2258 2259 1528 321 
1993 338 1713 2263 2262 
1994 1713 617 2260 2263 
1995 2263 2260 752 2261 
1996 2262 2263 2261 751 
1997 617 1710 2265 2260 
1998 1710 336 2240 2265 
1999 2265 2240 746 2264 
2000 2260 2265 2264 752 
2001 752 2264 2267 2266 
2002 2264 746 2246 2267 
2003 2267 2246 372 2253 
2004 2266 2267 2253 748 
2005 751 2261 2269 2268 
2006 2261 752 2266 2269 
2007 2269 2266 748 2248 
2008 2268 2269 2248 373 
2009 374 2270 2274 2273 
2010 2270 753 2271 2274 
2011 2274 2271 755 2272 
2012 2273 2274 2272 754 
2013 753 2275 2277 2271 
2014 2275 373 2251 2277 
2015 2277 2251 749 2276 
2016 2271 2277 2276 755 
2017 755 2276 2279 2278 
2018 2276 749 2258 2279 
2019 2279 2258 321 1545 
2020 2278 2279 1545 574 
2021 754 2272 2281 2280 
2022 2272 755 2278 2281 
2023 2281 2278 574 1540 
2024 2280 2281 1540 322 
2025 340 1727 2285 2284 
2026 1727 621 2282 2285 
2027 2285 2282 757 2283 
2028 2284 2285 2283 756 
2029 621 1724 2287 2282 
2030 1724 338 2262 2287 
2031 2287 2262 751 2286 
2032 2282 2287 2286 757 
2033 757 2286 2289 2288 
2034 2286 751 2268 2289 
2035 2289 2268 373 2275 
2036 2288 2289 2275 753 
2037 756 2283 2291 2290 
2038 2283 757 2288 2291 
2039 2291 2288 753 2270 
2040 2290 2291 2270 374 
2041 375 2292 2296 2295 
2042 2292 758 2293 2296 
2043 2296 2293 760 2294 
2044 2295 2296 2294 759 
2045 758 2297 2299 2293 
2046 2297 374 2273 2299 
2047 2299 2273 754 2298 
2048 2293 2299 2298 760 
2049 760 2298 2301 2300 
2050 2298 754 2280 2301 
2051 2301 2280 322 1557 
2052 2300 2301 1557 577 
2053 759 2294 2303 2302 
2054 2294 760 2300 2303 
2055 2303 2300 577 1552 
2056 2302 2303 1552 323 
2057 342 1741 2307 2306 
2058 1741 625 2304 2307 
2059 2307 2304 762 2305 
2060 2306 2307 2305 761 
2061 625 1738 2309 2304 
2062 1738 340 2284 2309 
2063 2309 2284 756 2308 
2064 2304 2309 2308 762 
2065 762 2308 2311 2310 
2066 2308 756 2290 2311 
2067 2311 2290 374 2297 
2068 2310 2311 2297 758 
2069 761 2305 2313 2312 
2070 2305 762 2310 2313 
2071 2313 2310 758 2292 
2072 2312 2313 2292 375 
2073 376 2314 2318 2317 
2074 2314 763 2315 2318 
2075 2318 2315 765 2316 
2076 2317 2318 2316 764 
2077 763 2319 2321 2315 
2078 2319 375 2295 2321 
2079 2321 2295 759 2320 
2080 2315 2321 2320 765 
2081 765 2320 2323 2322 
2082 2320 759 2302 2323 
2083 2323 2302 323 1569 
2084 2322 2323 1569 580 
2085 764 2316 2325 2324 
2086 2316 765 2322 2325 
2087 2325 2322 580 1564 
2088 2324 2325 1564 324 
2089 344 1755 2329 2328 
2090 1755 629 2326 2329 
2091 2329 2326 767 2327 
2092 2328 2329 2327 766 
2093 629 1752 2331 2326 
2094 1752 342 2306 2331 
2095 2331 2306 761 2330 
2096 2326 2331 2330 767 
2097 767 2330 2333 2332 
2098 2330 761 2312 2333 
2099 2333 2312 375 2319 
2100 2332 2333 2319 763 
2101 766 2327 2335 2334 
2102 2327 767 2332 2335 
2103 2335 2332 763 2314 
2104 2334 2335 2314 376 
2105 37 2336 2339 12 
2106 2336 768 2337 2339 
2107 2339 2337 769 2338 
2108 12 2339 2338 24 
2109 768 2340 2342 2337 
2110 2340 376 2317 2342 
2111 2342 2317 764 2341 
2112 2337 2342 2341 769 
2113 769 2341 2344 2343 
2114 2341 764 2324 2344 
2115 2344 2324 324 1932 
2116 2343 2344 1932 675 
2117 24 2338 2345 13 
2118 2338 769 2343 2345 
2119 2345 2343 675 1928 
2120 13 2345 1928 11 
2121 36 1958 2348 14 
2122 1958 680 2346 2348 
2123 2348 2346 770 2347 
2124 14 2348 2347 23 
2125 680 1955 2350 2346 
2126 1955 344 2328 2350 
2127 2350 2328 766 2349 
2128 2346 2350 2349 770 
2129 770 2349 2352 2351 
2130 2349 766 2334 2352 
2131 2352 2334 376 2340 
2132 2351 2352 2340 768 
2133 23 2347 2353 15 
2134 2347 770 2351 2353 
2135 2353 2351 768 2336 
2136 15 2353 2336 37 
2137 377 2354 2358 2357 
2138 2354 771 2355 2358 
2139 2358 2355 774 2356 
2140 2357 2358 2356 773 
2141 771 2359 2362 2355 
2142 2359 378 2360 2362 
2143 2362 2360 772 2361 
2144 2355 2362 2361 774 
2145 774 2361 2365 2364 
2146 2361 772 2363 2365 
2147 2365 2363 279 1141 
2148 2364 2365 1141 465 
2149 773 2356 2367 2366 
2150 2356 774 2364 2367 
2151 2367 2364 465 1136 
2152 2366 2367 1136 278 
2153 263 1065 2371 2370 
2154 1065 443 2368 2371 
2155 2371 2368 777 2369 
2156 2370 2371 2369 776 
2157 443 1062 2374 2368 
2158 1062 258 2372 2374 
2159 2374 2372 775 2373 
2160 2368 2374 2373 777 
2161 777 2373 2377 2376 
2162 2373 775 2375 2377 
2163 2377 2375 378 2359 
2164 2376 2377 2359 771 
2165 776 2369 2379 2378 
2166 2369 777 2376 2379 
2167 2379 2376 771 2354 
2168 2378 2379 2354 377 
2169 379 2380 2384 2383 
2170 2380 778 2381 2384 
2171 2384 2381 780 2382 
2172 2383 2384 2382 779 
2173 778 2385 2387 2381 
2174 2385 377 2357 2387 
2175 2387 2357 773 2386 
2176 2381 2387 2386 780 
2177 780 2386 2389 2388 
2178 2386 773 2366 2389 
2179 2389 2366 278 1157 
2180 2388 2389 1157 470 
2181 779 2382 2391 2390 
2182 2382 780 2388 2391 
2183 2391 2388 470 1152 
2184 2390 2391 1152 280 
2185 264 1077 2395 2394 
2186 1077 446 2392 2395 
2187 2395 2392 782 2393 
2188 2394 2395 2393 781 
2189 446 1074 2397 2392 
2190 1074 263 2370 2397 
2191 2397 2370 776 2396 
2192 2392 2397 2396 782 
2193 782 2396 2399 2398 
2194 2396 776 2378 2399 
2195 2399 2378 377 2385 
2196 2398 2399 2385 778 
2197 781 2393 2401 2400 
2198 2393 782 2398 2401 
2199 2401 2398 778 2380 
2200 2400 2401 2380 379 
2201 380 2402 2406 2405 
2202 2402 783 2403 2406 
2203 2406 2403 785 2404 
2204 2405 2406 2404 784 
2205 783 2407 2409 2403 
2206 2407 379 2383 2409 
2207 2409 2383 779 2408 
2208 2403 2409 2408 785 
2209 785 2408 2411 2410 
2210 2408 779 2390 2411 
2211 2411 2390 280 1171 
2212 2410 2411 1171 474 
2213 784 2404 2413 2412 
2214 2404 785 2410 2413 
2215 2413 2410 474 1166 
2216 2412 2413 1166 281 
2217 265 1089 2417 2416 
2218 1089 449 2414 2417 
2219 2417 2414 787 2415 
2220 2416 2417 2415 786 
2221 449 1086 2419 2414 
2222 1086 264 2394 2419 
2223 2419 2394 781 2418 
2224 2414 2419 2418 787 
2225 787 2418 2421 2420 
2226 2418 781 2400 2421 
2227 2421 2400 379 2407 
2228 2420 2421 2407 783 
2229 786 2415 2423 2422 
2230 2415 787 2420 2423 
2231 2423 2420 783 2402 
2232 2422 2423 2402 380 
2233 381 2424 2428 2427 
2234 2424 788 2425 2428 
2235 2428 2425 790 2426 
2236 2427 2428 2426 789 
2237 788 2429 2431 2425 
2238 2429 380 2405 2431 
2239 2431 2405 784 2430 
2240 2425 2431 2430 790 
2241 790 2430 2433 2432 
2242 2430 784 2412 2433 
2243 2433 2412 281 1413 
2244 2432 2433 1413 538 
2245 789 2426 2435 2434 
2246 2426 790 2432 2435 
2247 2435 2432 538 1408 
2248 2434 2435 1408 312 
2249 288 1261 2439 2438 
2250 1261 496 2436 2439 
2251 2439 2436 792 2437 
2252 2438 2439 2437 791 
2253 496 1258 2441 2436 
2254 1258 265 2416 2441 
2255 2441 2416 786 2440 
2256 2436 2441 2440 792 
2257 792 2440 2443 2442 
2258 2440 786 2422 2443 
2259 2443 2422 380 2429 
2260 2442 2443 2429 788 
2261 791 2437 2445 2444 
2262 2437 792 2442 2445 
2263 2445 2442 788 2424 
2264 2444 2445 2424 381 
2265 382 2446 2450 2449 
2266 2446 793 2447 2450 
2267 2450 2447 795 2448 
2268 2449 2450 2448 794 
2269 793 2451 2453 2447 
2270 2451 381 2427 2453 
2271 2453 2427 789 2452 
2272 2447 2453 2452 795 
2273 795 2452 2455 2454 
2274 2452 789 2434 2455 
2275 2455 2434 312 1427 
2276 2454 2455 1427 542 
2277 794 2448 2457 2456 
2278 2448 795 2454 2457 
2279 2457 2454 542 1422 
2280 2456 2457 1422 313 
2281 289 1273 2461 2460 
2282 1273 499 2458 2461 
2283 2461 2458 797 2459 
2284 2460 2461 2459 796 
2285 499 1270 2463 2458 
2286 1270 288 2438 2463 
2287 2463 2438 791 2462 
2288 2458 2463 2462 797 
2289 797 2462 2465 2464 
2290 2462 791 2444 2465 
2291 2465 2444 381 2451 
2292 2464 2465 2451 793 
2293 796 2459 2467 2466 
2294 2459 797 2464 2467 
2295 2467 2464 793 2446 
2296 2466 2467 2446 382 
2297 383 2468 2472 2471 
2298 2468 798 2469 2472 
2299 2472 2469 800 2470 
2300 2471 2472 2470 799 
2301 798 2473 2475 2469 
2302 2473 382 2449 2475 
2303 2475 2449 794 2474 
2304 2469 2475 2474 800 
2305 800 2474 2477 2476 
2306 2474 794 2456 2477 
2307 2477 2456 313 1441 
2308 2476 2477 1441 546 
2309 799 2470 2479 2478 
2310 2470 800 2476 2479 
2311 2479 2476 546 1436 
2312 2478 2479 1436 314 
2313 290 1285 2483 2482 
2314 1285 502 2480 2483 
2315 2483 2480 802 2481 
2316 2482 2483 2481 801 
2317 502 1282 2485 2480 
2318 1282 289 2460 2485 
2319 2485 2460 796 2484 
2320 2480 2485 2484 802 
2321 802 2484 2487 2486 
2322 2484 796 2466 2487 
2323 2487 2466 382 2473 
2324 2486 2487 2473 798 
2325 801 2481 2489 2488 
2326 2481 802 2486 2489 
2327 2489 2486 798 2468 
2328 2488 2489 2468 383 
2329 384 2490 2494 2493 
2330 2490 803 2491 2494 
2331 2494 2491 805 2492 
2332 2493 2494 2492 804 
2333 803 2495 2497 2491 
2334 2495 383 2471 2497 
2335 2497 2471 799 2496 
2336 2491 2497 2496 805 
2337 805 2496 2499 2498 
2338 2496 799 2478 2499 
2339 2499 2478 314 1455 
2340 2498 2499 1455 550 
2341 804 2492 2501 2500 
2342 2492 805 2498 2501 
2343 2501 2498 550 1450 
2344 2500 2501 1450 315 
2345 291 1297 2505 2504 
2346 1297 505 2502 2505 
2347 2505 2502 807 2503 
2348 2504 2505 2503 806 
2349 505 1294 2507 2502 
2350 1294 290 2482 2507 
2351 2507 2482 801 2506 
2352 2502 2507 2506 807 
2353 807 2506 2509 2508 
2354 2506 801 2488 2509 
2355 2509 2488 383 2495 
2356 2508 2509 2495 803 
2357 806 2503 2511 2510 
2358 2503 807 2508 2511 
2359 2511 2508 803 2490 
2360 2510 2511 2490 384 
2361 385 2512 2516 2515 
2362 2512 808 2513 2516 
2363 2516 2513 810 2514 
2364 2515 2516 2514 809 
2365 808 2517 2519 2513 
2366 2517 384 2493 2519 
2367 2519 2493 804 2518 
2368 2513 2519 2518 810 
2369 810 2518 2521 2520 
2370 2518 804 2500 2521 
2371 2521 2500 315 1469 
2372 2520 2521 1469 554 
2373 809 2514 2523 2522 
2374 2514 810 2520 2523 
2375 2523 2520 554 1464 
2376 2522 2523 1464 316 
2377 292 1309 2527 2526 
2378 1309 508 2524 2527 
2379 2527 2524 812 2525 
2380 2526 2527 2525 811 
2381 508 1306 2529 2524 
2382 1306 291 2504 2529 
2383 2529 2504 806 2528 
2384 2524 2529 2528 812 
2385 812 2528 2531 2530 
2386 2528 806 2510 2531 
2387 2531 2510 384 2517 
2388 2530 2531 2517 808 
2389 811 2525 2533 2532 
2390 2525 812 2530 2533 
2391 2533 2530 808 2512 
2392 2532 2533 2512 385 
2393 386 2534 2538 2537 
2394 2534 813 2535 2538 
2395 2538 2535 815 2536 
2396 2537 2538 2536 814 
2397 813 2539 2541 2535 
2398 2539 385 2515 2541 
2399 2541 2515 809 2540 
2400 2535 2541 2540 815 
2401 815 2540 2543 2542 
2402 2540 809 2522 2543 
2403 2543 2522 316 1483 
2404 2542 2543 1483 558 
2405 814 2536 2545 2544 
2406 2536 815 2542 2545 
2407 2545 2542 558 1478 
2408 2544 2545 1478 317 
2409 293 1321 2549 2548 
2410 1321 511 2546 2549 
2411 2549 2546 817 2547 
2412 2548 2549 2547 816 
2413 511 1318 2551 2546 
2414 1318 292 2526 2551 
2415 2551 2526 811 2550 
2416 2546 2551 2550 817 
2417 817 2550 2553 2552 
2418 2550 811 2532 2553 
2419 2553 2532 385 2539 
2420 2552 2553 2539 813 
2421 816 2547 2555 2554 
2422 2547 817 2552 2555 
2423 2555 2552 813 2534 
2424 2554 2555 2534 386 
2425 387 2556 2560 2559 
2426 2556 818 2557 2560 
2427 2560 2557 820 2558 
2428 2559 2560 2558 819 
2429 818 2561 2563 2557 
2430 2561 386 2537 2563 
2431 2563 2537 814 2562 
2432 2557 2563 2562 820 
2433 820 2562 2565 2564 
2434 2562 814 2544 2565 
2435 2565 2544 317 1849 
2436 2564 2565 1849 654 
2437 819 2558 2567 2566 
2438 2558 820 2564 2567 
2439 2567 2564 654 1844 
2440 2566 2567 1844 353 
2441 325 1585 2571 2570 
2442 1585 583 2568 2571 
2443 2571 2568 822 2569 
2444 2570 2571 2569 821 
2445 583 1582 2573 2568 
2446 1582 293 2548 2573 
2447 2573 2548 816 2572 
2448 2568 2573 2572 822 
2449 822 2572 2575 2574 
2450 2572 816 2554 2575 
2451 2575 2554 386 2561 
2452 2574 2575 2561 818 
2453 821 2569 2577 2576 
2454 2569 822 2574 2577 
2455 2577 2574 818 2556 
2456 2576 2577 2556 387 
2457 388 2578 2582 2581 
2458 2578 823 2579 2582 
2459 2582 2579 825 2580 
2460 2581 2582 2580 824 
2461 823 2583 2585 2579 
2462 2583 387 2559 2585 
2463 2585 2559 819 2584 
2464 2579 2585 2584 825 
2465 825 2584 2587 2586 
2466 2584 819 2566 2587 
2467 2587 2566 353 1861 
2468 2586 2587 1861 657 
2469 824 2580 2589 2588 
2470 2580 825 2586 2589 
2471 2589 2586 657 1856 
2472 2588 2589 1856 354 
2473 326 1597 2593 2592 
2474 1597 586 2590 2593 
2475 2593 2590 827 2591 
2476 2592 2593 2591 826 
2477 586 1594 2595 2590 
2478 1594 325 2570 2595 
2479 2595 2570 821 2594 
2480 2590 2595 2594 827 
2481 827 2594 2597 2596 
2482 2594 821 2576 2597 
2483 2597 2576 387 2583 
2484 2596 2597 2583 823 
2485 826 2591 2599 2598 
2486 2591 827 2596 2599 
2487 2599 2596 823 2578 
2488 2598 2599 2578 388 
2489 389 2600 2604 2603 
2490 2600 828 2601 2604 
2491 2604 2601 830 2602 
2492 2603 2604 2602 829 
2493 828 2605 2607 2601 
2494 2605 388 2581 2607 
2495 2607 2581 824 2606 
2496 2601 2607 2606 830 
2497 830 2606 2609 2608 
2498 2606 824 2588 2609 
2499 2609 2588 354 1873 
2500 2608 2609 1873 660 
2501 829 2602 2611 2610 
2502 2602 830 2608 2611 
2503 2611 2608 660 1868 
2504 2610 2611 1868 355 
2505 327 1609 2615 2614 
2506 1609 589 2612 2615 
2507 2615 2612 832 2613 
2508 2614 2615 2613 831 
2509 589 1606 2617 2612 
2510 1606 326 2592 2617 
2511 2617 2592 826 2616 
2512 2612 2617 2616 832 
2513 832 2616 2619 2618 
2514 2616 826 2598 2619 
2515 2619 2598 388 2605 
2516 2618 2619 2605 828 
2517 831 2613 2621 2620 
2518 2613 832 2618 2621 
2519 2621 2618 828 2600 
2520 2620 2621 2600 389 
2521 390 2622 2626 2625 
2522 2622 833 2623 2626 
2523 2626 2623 835 2624 
2524 2625 2626 2624 834 
2525 833 2627 2629 2623 
2526 2627 389 2603 2629 
2527 2629 2603 829 2628 
2528 2623 2629 2628 835 
2529 835 2628 2631 2630 
2530 2628 829 2610 2631 
2531 2631 2610 355 1885 
2532 2630 2631 1885 663 
2533 834 2624 2633 2632 
2534 2624 835 2630 2633 
2535 2633 2630 663 1880 
2536 2632 2633 1880 356 
2537 328 1621 2637 2636 
2538 1621 592 2634 2637 
2539 2637 2634 837 2635 
2540 2636 2637 2635 836 
2541 592 1618 2639 2634 
2542 1618 327 2614 2639 
2543 2639 2614 831 2638 
2544 2634 2639 2638 837 
2545 837 2638 2641 2640 
2546 2638 831 2620 2641 
2547 2641 2620 389 2627 
2548 2640 2641 2627 833 
2549 836 2635 2643 2642 
2550 2635 837 2640 2643 
2551 2643 2640 833 2622 
2552 2642 2643 2622 390 
2553 391 2644 2648 2647 
2554 2644 838 2645 2648 
2555 2648 2645 840 2646 
2556 2647 2648 2646 839 
2557 838 2649 2651 2645 
2558 2649 390 2625 2651 
2559 2651 2625 834 2650 
2560 2645 2651 2650 840 
2561 840 2650 2653 2652 
2562 2650 834 2632 2653 
2563 2653 2632 356 1897 
2564 2652 2653 1897 666 
2565 839 2646 2655 2654 
2566 2646 840 2652 2655 
2567 2655 2652 666 1892 
2568 2654 2655 1892 357 
2569 329 1633 2659 2658 
2570 1633 595 2656 2659 
2571 2659 2656 842 2657 
2572 2658 2659 2657 841 
2573 595 1630 2661 2656 
2574 1630 328 2636 2661 
2575 2661 2636 836 2660 
2576 2656 2661 2660 842 
2577 842 2660 2663 2662 
2578 2660 836 2642 2663 
2579 2663 2642 390 2649 
2580 2662 2663 2649 838 
2581 841 2657 2665 2664 
2582 2657 842 2662 2665 
2583 2665 2662 838 2644 
2584 2664 2665 2644 391 
2585 392 2666 2670 2669 
2586 2666 843 2667 2670 
2587 2670 2667 845 2668 
2588 2669 2670 2668 844 
2589 843 2671 2673 2667 
2590 2671 391 2647 2673 
2591 2673 2647 839 2672 
2592 2667 2673 2672 845 
2593 845 2672 2675 2674 
2594 2672 839 2654 2675 
2595 2675 2654 357 1909 
2596 2674 2675 1909 669 
2597 844 2668 2677 2676 
2598 2668 845 2674 2677 
2599 2677 2674 669 1904 
2600 2676 2677 1904 358 
2601 330 1645 2681 2680 
2602 1645 598 2678 2681 
2603 2681 2678 847 2679 
2604 2680 2681 2679 846 
2605 598 1642 2683 2678 
2606 1642 329 2658 2683 
2607 2683 2658 841 2682 
2608 2678 2683 2682 847 
2609 847 2682 2685 2684 
2610 2682 841 2664 2685 
2611 2685 2664 391 2671 
2612 2684 2685 2671 843 
2613 846 2679 2687 2686 
2614 2679 847 2684 2687 
2615 2687 2684 843 2666 
2616 2686 2687 2666 392 
2617 393 2688 2692 2691 
2618 2688 848 2689 2692 
2619 2692 2689 850 2690 
2620 2691 2692 2690 849 
2621 848 2693 2695 2689 
2622 2693 392 2669 2695 
2623 2695 2669 844 2694 
2624 2689 2695 2694 850 
2625 850 2694 2697 2696 
2626 2694 844 2676 2697 
2627 2697 2676 358 1921 
2628 2696 2697 1921 672 
2629 849 2690 2699 2698 
2630 2690 850 2696 2699 
2631 2699 2696 672 1916 
2632 2698 2699 1916 359 
2633 331 1657 2703 2702 
2634 1657 601 2700 2703 
2635 2703 2700 852 2701 
2636 2702 2703 2701 851 
2637 601 1654 2705 2700 
2638 1654 330 2680 2705 
2639 2705 2680 846 2704 
2640 2700 2705 2704 852 
2641 852 2704 2707 2706 
2642 2704 846 2686 2707 
2643 2707 2686 392 2693 
2644 2706 2707 2693 848 
2645 851 2701 2709 2708 
2646 2701 852 2706 2709 
2647 2709 2706 848 2688 
2648 2708 2709 2688 393 
2649 32 2710 2713 16 
2650 2710 853 2711 2713 
2651 2713 2711 854 2712 
2652 16 2713 2712 22 
2653 853 2714 2716 2711 
2654 2714 393 2691 2716 
2655 2716 2691 849 2715 
2656 2711 2716 2715 854 
2657 854 2715 2718 2717 
2658 2715 849 2698 2718 
2659 2718 2698 359 1974 
2660 2717 2718 1974 684 
2661 22 2712 2719 17 
2662 2712 854 2717 2719 
2663 2719 2717 684 1970 
2664 17 2719 1970 33 
2665 31 1946 2722 18 
2666 1946 677 2720 2722 
2667 2722 2720 855 2721 
2668 18 2722 2721 21 
2669 677 1943 2724 2720 
2670 1943 331 2702 2724 
2671 2724 2702 851 2723 
2672 2720 2724 2723 855 
2673 855 2723 2726 2725 
2674 2723 851 2708 2726 
2675 2726 2708 393 2714 
2676 2725 2726 2714 853 
2677 21 2721 2727 19 
2678 2721 855 2725 2727 
2679 2727 2725 853 2710 
2680 19 2727 2710 32 
2681 395 2728 2732 2731 
2682 2728 856 2729 2732 
2683 2732 2729 859 2730 
2684 2731 2732 2730 858 
2685 856 2733 2735 2729 
2686 2733 255 947 2735 
2687 2735 947 416 2734 
2688 2729 2735 2734 859 
2689 859 2734 2738 2737 
2690 2734 416 956 2738 
2691 2738 956 253 2736 
2692 2737 2738 2736 857 
2693 858 2730 2741 2740 
2694 2730 859 2737 2741 
2695 2741 2737 857 2739 
2696 2740 2741 2739 394 
2697 209 2742 2745 199 
2698 2742 860 2743 2745 
2699 2745 2743 862 2744 
2700 199 2745 2744 219 
2701 860 2746 2748 2743 
2702 2746 395 2731 2748 
2703 2748 2731 858 2747 
2704 2743 2748 2747 862 
2705 862 2747 2751 2750 
2706 2747 858 2740 2751 
2707 2751 2740 394 2749 
2708 2750 2751 2749 861 
2709 219 2744 2753 200 
2710 2744 862 2750 2753 
2711 2753 2750 861 2752 
2712 200 2753 2752 230 
2713 396 2754 2758 2757 
2714 2754 863 2755 2758 
2715 2758 2755 865 2756 
2716 2757 2758 2756 864 
2717 863 2759 2761 2755 
2718 2759 394 2739 2761 
2719 2761 2739 857 2760 
2720 2755 2761 2760 865 
2721 865 2760 2763 2762 
2722 2760 857 2736 2763 
2723 2763 2736 253 937 
2724 2762 2763 937 411 
2725 864 2756 2765 2764 
2726 2756 865 2762 2765 
2727 2765 2762 411 932 
2728 2764 2765 932 254 
2729 238 201 2769 2768 
2730 201 228 2766 2769 
2731 2769 2766 867 2767 
2732 2768 2769 2767 866 
2733 228 202 2771 2766 
2734 202 230 2752 2771 
2735 2771 2752 861 2770 
2736 2766 2771 2770 867 
2737 867 2770 2773 2772 
2738 2770 861 2749 2773 
2739 2773 2749 394 2759 
2740 2772 2773 2759 863 
2741 866 2767 2775 2774 
2742 2767 867 2772 2775 
2743 2775 2772 863 2754 
2744 2774 2775 2754 396 
2745 397 2776 2780 2779 
2746 2776 868 2777 2780 
2747 2780 2777 870 2778 
2748 2779 2780 2778 869 
2749 868 2781 2783 2777 
2750 2781 396 2757 2783 
2751 2783 2757 864 2782 
2752 2777 2783 2782 870 
2753 870 2782 2785 2784 
2754 2782 864 2764 2785 
2755 2785 2764 254 963 
2756 2784 2785 963 418 
2757 869 2778 2787 2786 
2758 2778 870 2784 2787 
2759 2787 2784 418 958 
2760 2786 2787 958 256 
2761 237 203 2791 2790 
2762 203 227 2788 2791 
2763 2791 2788 872 2789 
2764 2790 2791 2789 871 
2765 227 204 2793 2788 
2766 204 238 2768 2793 
2767 2793 2768 866 2792 
2768 2788 2793 2792 872 
2769 872 2792 2795 2794 
2770 2792 866 2774 2795 
2771 2795 2774 396 2781 
2772 2794 2795 2781 868 
2773 871 2789 2797 2796 
2774 2789 872 2794 2797 
2775 2797 2794 868 2776 
2776 2796 2797 2776 397 
2777 399 2798 2802 2801 
2778 2798 873 2799 2802 
2779 2802 2799 876 2800 
2780 2801 2802 2800 875 
2781 873 2803 2805 2799 
2782 2803 258 981 2805 
2783 2805 981 422 2804 
2784 2799 2805 2804 876 
2785 876 2804 2808 2807 
2786 2804 422 978 2808 
2787 2808 978 257 2806 
2788 2807 2808 2806 874 
2789 875 2800 2811 2810 
2790 2800 876 2807 2811 
2791 2811 2807 874 2809 
2792 2810 2811 2809 398 
2793 235 2812 2815 205 
2794 2812 877 2813 2815 
2795 2815 2813 879 2814 
2796 205 2815 2814 226 
2797 877 2816 2818 2813 
2798 2816 399 2801 2818 
2799 2818 2801 875 2817 
2800 2813 2818 2817 879 
2801 879 2817 2821 2820 
2802 2817 875 2810 2821 
2803 2821 2810 398 2819 
2804 2820 2821 2819 878 
2805 226 2814 2823 206 
2806 2814 879 2820 2823 
2807 2823 2820 878 2822 
2808 206 2823 2822 236 
2809 398 2809 2827 2826 
2810 2809 874 2824 2827 
2811 2827 2824 882 2825 
2812 2826 2827 2825 881 
2813 874 2806 2829 2824 
2814 2806 257 1008 2829 
2815 2829 1008 430 2828 
2816 2824 2829 2828 882 
2817 882 2828 2832 2831 
2818 2828 430 1005 2832 
2819 2832 1005 259 2830 
2820 2831 2832 2830 880 
2821 881 2825 2835 2834 
2822 2825 882 2831 2835 
2823 2835 2831 880 2833 
2824 2834 2835 2833 400 
2825 236 2822 2838 207 
2826 2822 878 2836 2838 
2827 2838 2836 884 2837 
2828 207 2838 2837 225 
2829 878 2819 2840 2836 
2830 2819 398 2826 2840 
2831 2840 2826 881 2839 
2832 2836 2840 2839 884 
2833 884 2839 2843 2842 
2834 2839 881 2834 2843 
2835 2843 2834 400 2841 
2836 2842 2843 2841 883 
2837 225 2837 2845 208 
2838 2837 884 2842 2845 
2839 2845 2842 883 2844 
2840 208 2845 2844 234 
2841 400 2833 2849 2848 
2842 2833 880 2846 2849 
2843 2849 2846 886 2847 
2844 2848 2849 2847 885 
2845 880 2830 2851 2846 
2846 2830 259 987 2851 
2847 2851 987 427 2850 
2848 2846 2851 2850 886 
2849 886 2850 2853 2852 
2850 2850 427 996 2853 
2851 2853 996 255 2733 
2852 2852 2853 2733 856 
2853 885 2847 2855 2854 
2854 2847 886 2852 2855 
2855 2855 2852 856 2728 
2856 2854 2855 2728 395 
2857 234 2844 2858 198 
2858 2844 883 2856 2858 
2859 2858 2856 887 2857 
2860 198 2858 2857 224 
2861 883 2841 2860 2856 
2862 2841 400 2848 2860 
2863 2860 2848 885 2859 
2864 2856 2860 2859 887 
2865 887 2859 2862 2861 
2866 2859 885 2854 2862 
2867 2862 2854 395 2746 
2868 2861 2862 2746 860 
2869 224 2857 2863 210 
2870 2857 887 2861 2863 
2871 2863 2861 860 2742 
2872 210 2863 2742 209 
2873 401 2864 2868 2867 
2874 2864 888 2865 2868 
2875 2868 2865 891 2866 
2876 2867 2868 2866 890 
2877 888 2869 2872 2865 
2878 2869 402 2870 2872 
2879 2872 2870 889 2871 
2880 2865 2872 2871 891 
2881 891 2871 2875 2874 
2882 2871 889 2873 2875 
2883 2875 2873 266 1101 
2884 2874 2875 1101 453 
2885 890 2866 2877 2876 
2886 2866 891 2874 2877 
2887 2877 2874 453 1098 
2888 2876 2877 1098 269 
2889 239 244 2881 2880 
2890 244 241 2878 2881 
2891 2881 2878 894 2879 
2892 2880 2881 2879 893 
2893 241 245 2884 2878 
2894 245 233 2882 2884 
2895 2884 2882 892 2883 
2896 2878 2884 2883 894 
2897 894 2883 2887 2886 
2898 2883 892 2885 2887 
2899 2887 2885 402 2869 
2900 2886 2887 2869 888 
2901 893 2879 2889 2888 
2902 2879 894 2886 2889 
2903 2889 2886 888 2864 
2904 2888 2889 2864 401 
2905 403 2890 2894 2893 
2906 2890 895 2891 2894 
2907 2894 2891 898 2892 
2908 2893 2894 2892 897 
2909 895 2895 2898 2891 
2910 2895 404 2896 2898 
2911 2898 2896 896 2897 
2912 2891 2898 2897 898 
2913 898 2897 2901 2900 
2914 2897 896 2899 2901 
2915 2901 2899 279 2363 
2916 2900 2901 2363 772 
2917 897 2892 2903 2902 
2918 2892 898 2900 2903 
2919 2903 2900 772 2360 
2920 2902 2903 2360 378 
2921 231 211 2907 2906 
2922 211 223 2904 2907 
2923 2907 2904 901 2905 
2924 2906 2907 2905 900 
2925 223 212 2910 2904 
2926 212 232 2908 2910 
2927 2910 2908 899 2909 
2928 2904 2910 2909 901 
2929 901 2909 2913 2912 
2930 2909 899 2911 2913 
2931 2913 2911 404 2895 
2932 2912 2913 2895 895 
2933 900 2905 2915 2914 
2934 2905 901 2912 2915 
2935 2915 2912 895 2890 
2936 2914 2915 2890 403 
2937 399 2916 2919 2798 
2938 2916 902 2917 2919 
2939 2919 2917 903 2918 
2940 2798 2919 2918 873 
2941 902 2920 2922 2917 
2942 2920 403 2893 2922 
2943 2922 2893 897 2921 
2944 2917 2922 2921 903 
2945 903 2921 2924 2923 
2946 2921 897 2902 2924 
2947 2924 2902 378 2375 
2948 2923 2924 2375 775 
2949 873 2918 2925 2803 
2950 2918 903 2923 2925 
2951 2925 2923 775 2372 
2952 2803 2925 2372 258 
2953 235 213 2928 2812 
2954 213 222 2926 2928 
2955 2928 2926 904 2927 
2956 2812 2928 2927 877 
2957 222 214 2930 2926 
2958 214 231 2906 2930 
2959 2930 2906 900 2929 
2960 2926 2930 2929 904 
2961 904 2929 2932 2931 
2962 2929 900 2914 2932 
2963 2932 2914 403 2920 
2964 2931 2932 2920 902 
2965 877 2927 2933 2816 
2966 2927 904 2931 2933 
2967 2933 2931 902 2916 
2968 2816 2933 2916 399 
2969 402 2934 2937 2870 
2970 2934 905 2935 2937 
2971 2937 2935 907 2936 
2972 2870 2937 2936 889 
2973 905 2938 2941 2935 
2974 2938 405 2939 2941 
2975 2941 2939 906 2940 
2976 2935 2941 2940 907 
2977 907 2940 2944 2943 
2978 2940 906 2942 2944 
2979 2944 2942 361 2001 
2980 2943 2944 2001 690 
2981 889 2936 2945 2873 
2982 2936 907 2943 2945 
2983 2945 2943 690 1998 
2984 2873 2945 1998 266 
2985 233 215 2948 2882 
2986 215 221 2946 2948 
2987 2948 2946 909 2947 
2988 2882 2948 2947 892 
2989 221 216 2951 2946 
2990 216 229 2949 2951 
2991 2951 2949 908 2950 
2992 2946 2951 2950 909 
2993 909 2950 2954 2953 
2994 2950 908 2952 2954 
2995 2954 2952 405 2938 
2996 2953 2954 2938 905 
2997 892 2947 2955 2885 
2998 2947 909 2953 2955 
2999 2955 2953 905 2934 
3000 2885 2955 2934 402 
3001 404 2956 2959 2896 
3002 2956 910 2957 2959 
3003 2959 2957 912 2958 
3004 2896 2959 2958 896 
3005 910 2960 2963 2957 
3006 2960 406 2961 2963 
3007 2963 2961 911 2962 
3008 2957 2963 2962 912 
3009 912 2962 2966 2965 
3010 2962 911 2964 2966 
3011 2966 2964 275 1145 
3012 2965 2966 1145 466 
3013 896 2958 2967 2899 
3014 2958 912 2965 2967 
3015 2967 2965 466 1142 
3016 2899 2967 1142 279 
3017 232 248 2970 2908 
3018 248 243 2968 2970 
3019 2970 2968 914 2969 
3020 2908 2970 2969 899 
3021 243 249 2973 2968 
3022 249 240 2971 2973 
3023 2973 2971 913 2972 
3024 2968 2973 2972 914 
3025 914 2972 2976 2975 
3026 2972 913 2974 2976 
3027 2976 2974 406 2960 
3028 2975 2976 2960 910 
3029 899 2969 2977 2911 
3030 2969 914 2975 2977 
3031 2977 2975 910 2956 
3032 2911 2977 2956 404 
3033 405 2978 2981 2939 
3034 2978 915 2979 2981 
3035 2981 2979 916 2980 
3036 2939 2981 2980 906 
3037 915 2982 2984 2979 
3038 2982 397 2779 2984 
3039 2984 2779 869 2983 
3040 2979 2984 2983 916 
3041 916 2983 2986 2985 
3042 2983 869 2786 2986 
3043 2986 2786 256 1989 
3044 2985 2986 1989 687 
3045 906 2980 2987 2942 
3046 2980 916 2985 2987 
3047 2987 2985 687 1986 
3048 2942 2987 1986 361 
3049 229 217 2990 2949 
3050 217 220 2988 2990 
3051 2990 2988 917 2989 
3052 2949 2990 2989 908 
3053 220 218 2992 2988 
3054 218 237 2790 2992 
3055 2992 2790 871 2991 
3056 2988 2992 2991 917 
3057 917 2991 2994 2993 
3058 2991 871 2796 2994 
3059 2994 2796 397 2982 
3060 2993 2994 2982 915 
3061 908 2989 2995 2952 
3062 2989 917 2993 2995 
3063 2995 2993 915 2978 
3064 2952 2995 2978 405 
2 2 3 176
3065 274 1149 3020 3019 
3066 1149 467 3017 3020 
3067 3020 3017 2998 3018 
3068 3019 3020 3018 2997 
3069 467 1146 3023 3017 
3070 1146 275 3021 3023 
3071 3023 3021 2996 3022 
3072 3017 3023 3022 2998 
3073 2998 3022 3026 3025 
3074 3022 2996 3024 3026 
3075 3026 3024 269 1097 
3076 3025 3026 1097 452 
3077 2997 3018 3028 3027 
3078 3018 2998 3025 3028 
3079 3028 3025 452 1092 
3080 3027 3028 1092 268 
3081 276 1163 3032 3031 
3082 1163 471 3029 3032 
3083 3032 3029 3000 3030 
3084 3031 3032 3030 2999 
3085 471 1160 3034 3029 
3086 1160 274 3019 3034 
3087 3034 3019 2997 3033 
3088 3029 3034 3033 3000 
3089 3000 3033 3036 3035 
3090 3033 2997 3027 3036 
3091 3036 3027 268 1113 
3092 3035 3036 1113 457 
3093 2999 3030 3038 3037 
3094 3030 3000 3035 3038 
3095 3038 3035 457 1108 
3096 3037 3038 1108 271 
3097 277 1177 3042 3041 
3098 1177 475 3039 3042 
3099 3042 3039 3002 3040 
3100 3041 3042 3040 3001 
3101 475 1174 3044 3039 
3102 1174 276 3031 3044 
3103 3044 3031 2999 3043 
3104 3039 3044 3043 3002 
3105 3002 3043 3046 3045 
3106 3043 2999 3037 3046 
3107 3046 3037 271 1127 
3108 3045 3046 1127 461 
3109 3001 3040 3048 3047 
3110 3040 3002 3045 3048 
3111 3048 3045 461 1122 
3112 3047 3048 1122 273 
3113 306 1419 3052 3051 
3114 1419 539 3049 3052 
3115 3052 3049 3004 3050 
3116 3051 3052 3050 3003 
3117 539 1416 3054 3049 
3118 1416 277 3041 3054 
3119 3054 3041 3001 3053 
3120 3049 3054 3053 3004 
3121 3004 3053 3056 3055 
3122 3053 3001 3047 3056 
3123 3056 3047 273 1329 
3124 3055 3056 1329 514 
3125 3003 3050 3058 3057 
3126 3050 3004 3055 3058 
3127 3058 3055 514 1324 
3128 3057 3058 1324 295 
3129 307 1433 3062 3061 
3130 1433 543 3059 3062 
3131 3062 3059 3006 3060 
3132 3061 3062 3060 3005 
3133 543 1430 3064 3059 
3134 1430 306 3051 3064 
3135 3064 3051 3003 3063 
3136 3059 3064 3063 3006 
3137 3006 3063 3066 3065 
3138 3063 3003 3057 3066 
3139 3066 3057 295 1343 
3140 3065 3066 1343 518 
3141 3005 3060 3068 3067 
3142 3060 3006 3065 3068 
3143 3068 3065 518 1338 
3144 3067 3068 1338 297 
3145 308 1447 3072 3071 
3146 1447 547 3069 3072 
3147 3072 3069 3008 3070 
3148 3071 3072 3070 3007 
3149 547 1444 3074 3069 
3150 1444 307 3061 3074 
3151 3074 3061 3005 3073 
3152 3069 3074 3073 3008 
3153 3008 3073 3076 3075 
3154 3073 3005 3067 3076 
3155 3076 3067 297 1357 
3156 3075 3076 1357 522 
3157 3007 3070 3078 3077 
3158 3070 3008 3075 3078 
3159 3078 3075 522 1352 
3160 3077 3078 1352 299 
3161 309 1461 3082 3081 
3162 1461 551 3079 3082 
3163 3082 3079 3010 3080 
3164 3081 3082 3080 3009 
3165 551 1458 3084 3079 
3166 1458 308 3071 3084 
3167 3084 3071 3007 3083 
3168 3079 3084 3083 3010 
3169 3010 3083 3086 3085 
3170 3083 3007 3077 3086 
3171 3086 3077 299 1371 
3172 3085 3086 1371 526 
3173 3009 3080 3088 3087 
3174 3080 3010 3085 3088 
3175 3088 3085 526 1366 
3176 3087 3088 1366 301 
3177 310 1475 3092 3091 
3178 1475 555 3089 3092 
3179 3092 3089 3012 3090 
3180 3091 3092 3090 3011 
3181 555 1472 3094 3089 
3182 1472 309 3081 3094 
3183 3094 3081 3009 3093 
3184 3089 3094 3093 3012 
3185 3012 3093 3096 3095 
3186 3093 3009 3087 3096 
3187 3096 3087 301 1385 
3188 3095 3096 1385 530 
3189 3011 3090 3098 3097 
3190 3090 3012 3095 3098 
3191 3098 3095 530 1380 
3192 3097 3098 1380 303 
3193 311 1489 3101 1764 
3194 1489 559 3099 3101 
3195 3101 3099 3013 3100 
3196 1764 3101 3100 633 
3197 559 1486 3103 3099 
3198 1486 310 3091 3103 
3199 3103 3091 3011 3102 
3200 3099 3103 3102 3013 
3201 3013 3102 3105 3104 
3202 3102 3011 3097 3105 
3203 3105 3097 303 1399 
3204 3104 3105 1399 534 
3205 633 3100 3106 1767 
3206 3100 3013 3104 3106 
3207 3106 3104 534 1394 
3208 1767 3106 1394 305 
3209 406 3107 3110 2961 
3210 3107 3014 3108 3110 
3211 3110 3108 3015 3109 
3212 2961 3110 3109 911 
3213 3014 3111 3113 3108 
3214 3111 401 2867 3113 
3215 3113 2867 890 3112 
3216 3108 3113 3112 3015 
3217 3015 3112 3115 3114 
3218 3112 890 2876 3115 
3219 3115 2876 269 3024 
3220 3114 3115 3024 2996 
3221 911 3109 3116 2964 
3222 3109 3015 3114 3116 
3223 3116 3114 2996 3021 
3224 2964 3116 3021 275 
3225 240 246 3119 2971 
3226 246 242 3117 3119 
3227 3119 3117 3016 3118 
3228 2971 3119 3118 913 
3229 242 247 3121 3117 
3230 247 239 2880 3121 
3231 3121 2880 893 3120 
3232 3117 3121 3120 3016 
3233 3016 3120 3123 3122 
3234 3120 893 2888 3123 
3235 3123 2888 401 3111 
3236 3122 3123 3111 3014 
3237 913 3118 3124 2974 
3238 3118 3016 3122 3124 
3239 3124 3122 3014 3107 
3240 2974 3124 3107 406 
$EndElements
